url,img,discription,price
https://www.alibaba.com/product-detail/Custom-All-Weather-Car-Floor-Mats_1601009133160.html?priceId=61dfb94d013d42f7a2b8d72bff61eed7,./Alibaba_files/Hd07aa1ffae4c414cb60e824488f10dfcc.jpg_300x300.jpg, Custom All Weather Car Floor Mats Auto Foot Mats 3D TPE Car Carpets for Vinfast VF8 VF5 Car Floor Liners,"PKR 2,762-7,108"
https://www.alibaba.com/product-detail/Wholesale-Factory-Supply-Car-Engine-New_1600991547420.html?priceId=61dfb94d013d42f7a2b8d72bff61eed7,./Alibaba_files/H1dbecacba8df48619889c8041e022288J.png_300x300.png,Wholesale Factory Supply Car Engine New Oil Filter 90915-10009 90915-YZZN2 1M01-23-802 Custom Metal Oil Filters For Toyota Mazda,PKR 156-250
https://www.alibaba.com/product-detail/Universal-Automobile-Accessory-Car-Seat-Cover_60813940188.html?priceId=61dfb94d013d42f7a2b8d72bff61eed7,./Alibaba_files/Hd08fd5530e7b425d932f7f3cd3f1e2f65.jpg_300x300.jpg,Universal Automobile Accessory Car Seat Cover Full Set,"PKR 1,966-3,058"
https://www.alibaba.com/product-detail/400W-High-Power-Car-LED-Headlight_1601792802898.html?priceId=61dfb94d013d42f7a2b8d72bff61eed7,./Alibaba_files/H74d09f5deed349b381404d4a9cabd765D.jpg_300x300.jpg,400W High Power Car LED Headlight Bulb H4 Led Headlight H1 H3 9005 9006 H11 H7 6500k White LED Headlights,"PKR 2,496-3,120"
https://www.alibaba.com/product-detail/High-Grade-Car-Accessories-All-Season_1601602953925.html?priceId=61dfb94d013d42f7a2b8d72bff61eed7,./Alibaba_files/H4ddaee1d93714e40b35ef0026e38b704U.png_300x300.png,High Grade Car Accessories All Season Muti-Color Universal Car Steering Wheel Covers,"PKR 1,408"
https://www.alibaba.com/product-detail/Custom-Aluminum-Zinc-Die-Casting-OEM_1601739370436.html?priceId=61dfb94d013d42f7a2b8d72bff61eed7,./Alibaba_files/Ha383c84e29934898ba6b58bd8cdd66b0A.png_300x300.png,Custom Aluminum/Zinc Die Casting | OEM/ODM Non Standard Machining Electronics Automotive & Assembly Components,PKR 156-562
https://www.alibaba.com/product-detail/Automatic-Custom-Car-Auto-Accessories-Gear_1600159730635.html?priceId=61dfb94d013d42f7a2b8d72bff61eed7,./Alibaba_files/H0c0db0c457bf4c15a2b516c67b9799cd1.jpg_300x300.jpg,Automatic Custom Car Auto Accessories Gear Shift Knob Steering Wheel Hand Brake,PKR 952
https://www.alibaba.com/product-detail/Factory-customize-Car-Towel-Microfiber-Double_1601149719201.html?priceId=61dfb94d013d42f7a2b8d72bff61eed7,./Alibaba_files/H59c60c91741e4d018804ade77a11216dK.png_300x300.png,Factory-customize Car Towel Microfiber Double-sided 500gsm--800gsm Car Washing Coral Fleece Towel,PKR 32-47
https://www.alibaba.com/product-detail/New-Car-Accessory-USB-with-Dual_1601428784229.html?priceId=61dfb94d013d42f7a2b8d72bff61eed7,./Alibaba_files/H311cd55632f849008f79d551a5844f4dI.jpg_300x300.jpg,New Car Accessory USB with Dual Heads Flexible Hose for Rear Seat Foldable Car Interiors Car Fans Accesorios Para Automovil,"PKR 1,560-1,716"
https://www.alibaba.com/product-detail/400W-50000LM-Led-Headlight-Bulbs-Canbus_1601799649253.html?priceId=61dfb94d013d42f7a2b8d72bff61eed7,./Alibaba_files/H5321fd9b78ee41d6a35a6293ea59ea01g.jpg_300x300.jpg,400W 50000LM Led Headlight Bulbs Canbus 6500K 12V H1 H3 9004 9005 9006 9012 H7 H4 H11 H13 Universal Car Headlight,"PKR 2,496-3,120"
https://www.alibaba.com/product-detail/Plastic-Car-Interior-Accessories-China-Hot_1601542102390.html?priceId=61dfb94d013d42f7a2b8d72bff61eed7,./Alibaba_files/H729462f5c49f45a79274ed8bf95be6a1Y.jpg_300x300.jpg,Plastic Car Interior Accessories China Hot Sell 5 in 1 Disposable Car Seat Covers Kit for Car Service Center,PKR 38-63
https://www.alibaba.com/product-detail/OOH-Motorcycle-Half-helmet-Latest-Design_1601815426676.html?priceId=61dfb94d013d42f7a2b8d72bff61eed7,./Alibaba_files/H8a8336b9dc2b4deca2012778323f7211y.jpg_300x300.jpg,OOH Motorcycle Half-helmet - Latest Design - Compact And Lightweight - With Visor And Mask - Suitable For Vintage Motorcycles,"PKR 9,360-12,792"
https://www.alibaba.com/product-detail/Leather-Genuine-Leather-Automotive-Interior-Accessories_1601725429921.html?priceId=61dfb94d013d42f7a2b8d72bff61eed7,./Alibaba_files/H73765d84b561472ba618077559008841i.png_300x300.png,Leather Genuine Leather Automotive Interior Accessories - 5-seater Non-slip Complete Set - Universal Automotive Seat Covers,"PKR 24,335"
https://www.alibaba.com/product-detail/NOVOFLOW-NF-0002-Flat-Universal-Wiper_1601038759348.html?priceId=61dfb94d013d42f7a2b8d72bff61eed7,./Alibaba_files/Hbd6018b3aba14e09a3fece4a0a6b42d3N.jpg_300x300.jpg,NOVOFLOW NF-0002 Flat Universal Wiper Blade Factory Direct Car Accessories Best Seller Windshield Car Wipers,PKR 185-247
https://www.alibaba.com/product-detail/Cheap-Bulk-Products-Vehicles-and-Accessories_1600151295784.html?priceId=61dfb94d013d42f7a2b8d72bff61eed7,./Alibaba_files/H7faf10f127b441e3ba6b02b185556d9f3.jpg_300x300.jpg,Cheap Bulk Products Vehicles and Accessories Car Holder OEM Customized Universal Car Holder Tablet Computers,PKR 375-562
https://www.alibaba.com/product-detail/Factory-Custom-Oil-Filter-Auto-Oil_1600971500049.html?priceId=61dfb94d013d42f7a2b8d72bff61eed7,./Alibaba_files/Hd052f5f7cad54cde9999eff94253fbd7S.png_300x300.png,Factory Custom Oil Filter Auto Oil Filter Production Line OEM 90915-YZZD2 90915-20003 90915-YZZB1 For Toyota Auto Parts,PKR 156-250
https://www.alibaba.com/product-detail/New-Products-Interior-Car-Accessories-Alloy_1601283886101.html?priceId=61dfb94d013d42f7a2b8d72bff61eed7,./Alibaba_files/Hd49870ca65b040e3baf21550b9253e5bh.png_300x300.png,New Products Interior Car Accessories Alloy Aluminium Air Vent Car Holder Mobile Mount Phone Holder for Vehicle,PKR 624-687
https://www.alibaba.com/product-detail/High-Power-H4-H7-H13-H11_1601400598314.html?priceId=61dfb94d013d42f7a2b8d72bff61eed7,./Alibaba_files/Hc6bd052b223145e2bc6c407e91a47846w.jpg_300x300.jpg,High Power H4 H7 H13 H11 9004 9005 9006 9007 9012 Auto LED Headlight 200W 12V Super Bright Car LED Headlight Bulb,"PKR 1,991-2,278"
https://www.alibaba.com/product-detail/Car-Front-Laser-Sunshade-Interior-Accessories_62467990275.html?priceId=61dfb94d013d42f7a2b8d72bff61eed7,./Alibaba_files/Hbf5949051fd2472bb1dfcb9126c66256w.jpg_300x300.jpg,Car Front Laser Sunshade Interior Accessories for Cars Interior Accessories,"PKR 3,089"
https://www.alibaba.com/product-detail/2026-Portable-Rechargeable-Handheld-Car-Vacuum_1601571804167.html?priceId=61dfb94d013d42f7a2b8d72bff61eed7,./Alibaba_files/H97e99f6057be4ef6bcaece060e18325bP.jpg_300x300.jpg,2026 Portable Rechargeable Handheld Car Vacuum Large Suction Power Wireless Car Vacuum Cleaner,"PKR 3,089-3,713"
https://www.alibaba.com/product-detail/Factory-Price-Luxury-Car-Interior-Accessories_1601421674613.html?priceId=61dfb94d013d42f7a2b8d72bff61eed7,./Alibaba_files/H40146fe6a80c45cdbd2d7132015c2da4N.jpg_300x300.jpg,Factory Price Luxury Car Interior Accessories Universal Leather Car Seat Cover Set for Interior Decoration,"PKR 8,986-10,234"
https://www.alibaba.com/product-detail/Newest-3-Pieces-Anti-Slip-Custom_1601817181505.html?priceId=61dfb94d013d42f7a2b8d72bff61eed7,./Alibaba_files/Hd01ee92e5a1d494194901531129616fe5.jpg_300x300.jpg,Newest 3 Pieces Anti Slip Custom Fit Floor Liner For Toyota 4 Runner 5 Seater 2025 RHD 5D TPE Car Door Sill Covered Floor Mats,"PKR 8,736"
https://www.alibaba.com/product-detail/Good-Selling-Car-Interior-Accessories-Universal_1600903518847.html?priceId=61dfb94d013d42f7a2b8d72bff61eed7,./Alibaba_files/Ad5dfa2d8a2c34026a5c413edac948318B.jpg_300x300.jpg,Good Selling Car Interior Accessories Universal Clip Auto Mobile Phone Holder Car Holder,PKR 141-153
https://www.alibaba.com/product-detail/LHD-3-Pieces-Wholesale-Carpet-Anti_1601799598294.html?priceId=61dfb94d013d42f7a2b8d72bff61eed7,./Alibaba_files/H951bb6f93e784d3daa9b213b84b40f2bO.jpg_300x300.jpg,LHD 3 Pieces Wholesale Carpet Anti Slip 5D TPE Door Sill Covered Floor Mat For KIA Picanto Cross 2018 LHD Car Liner,"PKR 8,736"
https://www.alibaba.com/product-detail/Hot-Sale-Auto-Gadget-Accessory-Universal_1600703166380.html?priceId=61dfb94d013d42f7a2b8d72bff61eed7,./Alibaba_files/Hf5d5ff81a1b44b8b9cace80ed8167e7bv.jpg_300x300.jpg,Hot Sale Auto Gadget Accessory Universal Rotation Car Vehicle Back Seat Headrest Hook Magnet Phone Holder ABS Material Camry,PKR 384-456
https://www.alibaba.com/product-detail/NOVOFLOW-18-Inch-Universal-Windshield-Wiper_1601385913751.html?priceId=61dfb94d013d42f7a2b8d72bff61eed7,./Alibaba_files/H02c8f727eeff49d3955a115f0abed8c50.jpg_300x300.jpg,NOVOFLOW 18 Inch Universal Windshield Wiper Blades For Hook Wiper Arm Cars Automotive Accessories,PKR 150-181
https://www.alibaba.com/product-detail/Car-Interior-Accessories-Universal-Size-Luxury_1600691051204.html?priceId=61dfb94d013d42f7a2b8d72bff61eed7,./Alibaba_files/H8e757d717a3646538d86828a0eb9029bx.jpg_300x300.jpg,Car Interior Accessories Universal Size Luxury Leather Car Seat Cover Full Set for Mercedes Benz Bmw,"PKR 4,056-4,680"
https://www.alibaba.com/product-detail/STW-6-In-1-Multi-functional_1601794184528.html?priceId=61dfb94d013d42f7a2b8d72bff61eed7,./Alibaba_files/Hcc9663d59e4c4a74a17871d3428c04ecX.jpg_300x300.jpg,STW 6 In 1 Multi-functional 4 Port Smart 120w Dc Fast Car Phone Charger For Cars Adapter,"PKR 1,804-2,677"
https://www.alibaba.com/product-detail/China-Wholesale-Car-Accessories-Interior-Decorative_62112115370.html?priceId=61dfb94d013d42f7a2b8d72bff61eed7,./Alibaba_files/HLB1N5gxUZfpK1RjSZFOq6y6nFXat.jpg_300x300.jpg,China Wholesale Car Accessories Interior Decorative Universal Phone Holder for Car,PKR 687
https://www.alibaba.com/product-detail/New-9005-H7-H11-H4-Mini_1601769602032.html?priceId=61dfb94d013d42f7a2b8d72bff61eed7,./Alibaba_files/H0748b08c62f548be829317e11f172463u.jpg_300x300.jpg,New 9005 H7 H11 H4 Mini Projector Headlight Led Bulb 12V 4000 Lumens 6000K for Car Automotive Lighting Upgrade,"PKR 2,000-2,209"
https://www.alibaba.com/product-detail/Car-Accessories-All-windows-Sunshad-Not_1601379198514.html?priceId=61dfb94d013d42f7a2b8d72bff61eed7,./Alibaba_files/Hf5a1cde79fcd4a9da10bcc88ea53cfe9V.jpg_300x300.jpg,Car Accessories All windows Sunshad Not a Glimmer of Light Car Curtains with High Quality Umbrella for Car,"PKR 780-6,708"
https://www.alibaba.com/product-detail/3D-Custom-TPV-LHD-Car-Accessories_1601161091378.html?priceId=61dfb94d013d42f7a2b8d72bff61eed7,./Alibaba_files/Hf4fb5488369742b49017312884baae9dF.png_300x300.png,3D Custom TPV LHD Car Accessories Car Mats for Chery Tiggo 8 Pro 2023+,"PKR 9,672"
https://www.alibaba.com/product-detail/Fascinating-Price-New-Type-Interior-Accessories_1601249263945.html?priceId=61dfb94d013d42f7a2b8d72bff61eed7,./Alibaba_files/H90ce9324fb294cdd9d04ab2ae61a8b3d9.jpg_300x300.jpg,Fascinating Price New Type Interior Accessories Car Beauty Durable Auto Parts,"PKR 6,066"
https://www.alibaba.com/product-detail/Redsea-LED-Headlights-R39-360W-36000LM_1601228144590.html?priceId=61dfb94d013d42f7a2b8d72bff61eed7,./Alibaba_files/Hf875fb3b4bd44603a65d07d764f63dddD.png_300x300.png,Redsea LED Headlights R39 360W 36000LM LED Lamp Luces LED Lights Car H3 H4 H7 H11 9004 9005 9006 9007 Auto LED Headlight Bulbs,"PKR 2,184-2,652"
https://www.alibaba.com/product-detail/Durable-Car-Trunk-Accessories-Multipurpose-Car_1601213158710.html?priceId=61dfb94d013d42f7a2b8d72bff61eed7,./Alibaba_files/H6a9250c4a9d94207948c2cfe4ffe335ad.jpg_300x300.jpg,Durable Car Trunk Accessories Multipurpose Car Storage Accessories,"PKR 2,996-3,370"
https://www.alibaba.com/product-detail/Modern-USB5V-Mini-LED-Light-Home_1601738760630.html?priceId=61dfb94d013d42f7a2b8d72bff61eed7,./Alibaba_files/Hec1526497df544d3997e459a84af505bT.jpg_300x300.jpg,Modern USB5V Mini LED Light Home Decor Plug-in Remote Control Warm White Glass Led Flame Lamp Decorative Holiday Atmosphere,PKR 328-422
https://www.alibaba.com/product-detail/Quality-Durable-Car-Interior-Accessories-Universal_1601739883606.html?priceId=61dfb94d013d42f7a2b8d72bff61eed7,./Alibaba_files/H680ae9cf40b84827a3db258ca972b4cf4.jpg_300x300.jpg,Quality Durable Car Interior Accessories Universal Sport 9-Piece Leather Car Seat Cover All-Season Complete Set,"PKR 9,048-9,672"
https://www.alibaba.com/product-detail/Newest-3-Pieces-Anti-Slip-Custom_1601796460979.html?priceId=61dfb94d013d42f7a2b8d72bff61eed7,./Alibaba_files/H6bdfd9621e944283a9a8b008649fc4ddu.jpg_300x300.jpg,Newest 3 Pieces Anti Slip Custom Fit 3.5mm Thick 5D Car Floor Mat For Chevrolet Spark 2023 LHD Floor Liners,"PKR 6,864-8,736"
https://www.alibaba.com/product-detail/Car-Accessories-Interior-Decoration-Faux-PU_1601800015290.html?priceId=61dfb94d013d42f7a2b8d72bff61eed7,./Alibaba_files/H8c06ddf5c398489f873cb0f8e838dc0du.jpg_300x300.jpg,Car Accessories Interior Decoration Faux PU Leather Front Car Seat Covers 9pcs Universal for bmw for ford for,"PKR 6,977"
https://www.alibaba.com/product-detail/1200-GSM-Double-Twisted-Towel-Microfiber_1601335800721.html?priceId=61dfb94d013d42f7a2b8d72bff61eed7,./Alibaba_files/Hc4a1b11fad4c42aea90bb5249e4950deg.jpg_300x300.jpg,1200 GSM Double Twisted Towel Microfiber Auto Cloth Large Twist Loop Drying Towel For Car,PKR 150-216
https://www.alibaba.com/product-detail/New-Car-Interior-Accessories-Decoration-Car_1600638595164.html?priceId=61dfb94d013d42f7a2b8d72bff61eed7,./Alibaba_files/H3341c93a60bf462abb9ed5ae1b80ea87n.jpg_300x300.jpg,New Car Interior Accessories Decoration Car Seat Cover Universal Luxury Sport PVC Car Seat Covers,"PKR 18,720"
https://www.alibaba.com/product-detail/0-08mm-Polyimide-Tape-REACH-RoHS_1601737373475.html?priceId=61dfb94d013d42f7a2b8d72bff61eed7,./Alibaba_files/H0a04dbfe380a4cdcbf639d89092e85bby.jpg_300x300.jpg,"0.08mm Polyimide Tape REACH RoHS For Germany Automotive Electronics & EU Semiconductor Masking, EU Standard One Micron",PKR 185-247
https://www.alibaba.com/product-detail/Car-Interior-Accessories-Luxury-Leather-Car_1601289652299.html?priceId=61dfb94d013d42f7a2b8d72bff61eed7,./Alibaba_files/H09e6d089af6b47baae1395b27a5488a4J.jpg_300x300.jpg,Car Interior Accessories Luxury Leather Car Seat Covers Set Universal Size Auto Accessories for Mercedes benz bmw audi tesla Kia,"PKR 6,861"
https://www.alibaba.com/product-detail/Auto-Spare-Parts-For-CHEVROLET-AVEO_1601674997204.html?priceId=61dfb94d013d42f7a2b8d72bff61eed7,./Alibaba_files/H9c2cd5be33cb41a3b467bb1767e0a97cq.jpg_300x300.jpg,Auto Spare Parts For CHEVROLET AVEO Front Axle Auto Wheel Hub Bearing OEM 96535041 95492092,"PKR 1,716-2,184"
https://www.alibaba.com/product-detail/Factory-Custom-Logo-Accessories-Jiiker-JK_62562321955.html?priceId=61dfb94d013d42f7a2b8d72bff61eed7,./Alibaba_files/H7de9e730b54d42fb8f6b688618df0d6ed.jpg_300x300.jpg,Factory Custom Logo Accessories Jiiker JK-620 Portable Stable Plastic Universal Fit Car Windshield Multi-Function Gravity Holder,PKR 796
https://www.alibaba.com/product-detail/PCT-222-223-Universal-Compact-Electrical_1601716874601.html?priceId=61dfb94d013d42f7a2b8d72bff61eed7,./Alibaba_files/Hce011c4900914b6197222aa7f4f3b757W.jpg_300x300.jpg,PCT 222/223 Universal Compact Electrical Cable Push Lever Spring Splice Terminal Block Fast Wire Connectors 2Pin Copper,PKR 19-29
https://www.alibaba.com/product-detail/EKR-Car-Accessories-Interior-Decoration-Seat_1601701120522.html?priceId=61dfb94d013d42f7a2b8d72bff61eed7,./Alibaba_files/H8f8ec7c2308647758d9c324ebcd68e1eo.jpg_300x300.jpg,EKR Car Accessories Interior Decoration Seat Covers for Five Seats Car Leather Original Universal Car Seat Cover,"PKR 7,526-9,984"
https://www.alibaba.com/product-detail/4G-LTE-GPS-Tracker-with-SOS_10000032436992.html?priceId=61dfb94d013d42f7a2b8d72bff61eed7,./Alibaba_files/H260da50395a543c9a5261baf72d4cbdaB.jpg_300x300.jpg,4G LTE GPS Tracker with SOS Emergency Button Smart Locator Car Roof Device Android Auto Function Remote Control,"PKR 6,209"
