img,url,discription,price
https://s.alicdn.com/@sc04/kf/Hd07aa1ffae4c414cb60e824488f10dfcc.jpg_300x300.jpg,https://www.alibaba.com/product-detail/Custom-All-Weather-Car-Floor-Mats_1601009133160.html?priceId=cf0017d83c294ff498b5a6a74f1026c6,Custom All Weather Car Floor Mats Auto Foot Mats 3D TPE Car Carpets for Vinfast VF8 VF5 Car Floor Liners,"PKR 2,762-7,108"
https://s.alicdn.com/@sc04/kf/Hddda4a7d41184dffb1659c090611f747h.jpg_300x300.jpg,https://www.alibaba.com/product-detail/55W-Wet-Dry-Car-Vacuum-Cleaner_1601398850947.html?priceId=cf0017d83c294ff498b5a6a74f1026c6,55W Wet Dry Car Vacuum Cleaner Small Wireless Auto Household Hand Vacuum With Comfortable Handle Battery Powered For Hotels,"PKR 1,872-2,003"
https://s.alicdn.com/@sc04/kf/Hd08fd5530e7b425d932f7f3cd3f1e2f65.jpg_300x300.jpg,https://www.alibaba.com/product-detail/Universal-Automobile-Accessory-Car-Seat-Cover_60813940188.html?priceId=cf0017d83c294ff498b5a6a74f1026c6,Universal Automobile Accessory Car Seat Cover Full Set,"PKR 1,966-3,058"
https://s.alicdn.com/@sc04/kf/H1dbecacba8df48619889c8041e022288J.png_300x300.png,https://www.alibaba.com/product-detail/Wholesale-Factory-Supply-Car-Engine-New_1600991547420.html?priceId=cf0017d83c294ff498b5a6a74f1026c6,Wholesale Factory Supply Car Engine New Oil Filter 90915-10009 90915-YZZN2 1M01-23-802 Custom Metal Oil Filters For Toyota Mazda,PKR 156-250
https://s.alicdn.com/@sc04/kf/H4ddaee1d93714e40b35ef0026e38b704U.png_300x300.png,https://www.alibaba.com/product-detail/High-Grade-Car-Accessories-All-Season_1601602953925.html?priceId=cf0017d83c294ff498b5a6a74f1026c6,High Grade Car Accessories All Season Muti-Color Universal Car Steering Wheel Covers,"PKR 1,408"
https://s.alicdn.com/@sc04/kf/Hbd6018b3aba14e09a3fece4a0a6b42d3N.jpg_300x300.jpg,https://www.alibaba.com/product-detail/NOVOFLOW-NF-0002-Flat-Universal-Wiper_1601038759348.html?priceId=cf0017d83c294ff498b5a6a74f1026c6,NOVOFLOW NF-0002 Flat Universal Wiper Blade Factory Direct Car Accessories Best Seller Windshield Car Wipers,PKR 185-247
https://s.alicdn.com/@sc04/kf/H0c0db0c457bf4c15a2b516c67b9799cd1.jpg_300x300.jpg,https://www.alibaba.com/product-detail/Automatic-Custom-Car-Auto-Accessories-Gear_1600159730635.html?priceId=cf0017d83c294ff498b5a6a74f1026c6,Automatic Custom Car Auto Accessories Gear Shift Knob Steering Wheel Hand Brake,PKR 952
https://s.alicdn.com/@sc04/kf/H74d09f5deed349b381404d4a9cabd765D.jpg_300x300.jpg,https://www.alibaba.com/product-detail/400W-High-Power-Car-LED-Headlight_1601792802898.html?priceId=cf0017d83c294ff498b5a6a74f1026c6,400W High Power Car LED Headlight Bulb H4 Led Headlight H1 H3 9005 9006 H11 H7 6500k White LED Headlights,"PKR 2,496-3,120"
https://s.alicdn.com/@sc04/kf/H311cd55632f849008f79d551a5844f4dI.jpg_300x300.jpg,https://www.alibaba.com/product-detail/New-Car-Accessory-USB-with-Dual_1601428784229.html?priceId=cf0017d83c294ff498b5a6a74f1026c6,New Car Accessory USB with Dual Heads Flexible Hose for Rear Seat Foldable Car Interiors Car Fans Accesorios Para Automovil,"PKR 1,560-1,716"
https://s.alicdn.com/@sc04/kf/H8d244f2f1a5640b8a34ead75da0c02a5r.jpg_300x300.jpg,https://www.alibaba.com/product-detail/Custom-Polyester-Motorcycle-Cover-Sun-proof_1600051099885.html?priceId=cf0017d83c294ff498b5a6a74f1026c6,"Custom Polyester Motorcycle Cover, Sun-proof, Waterproof & Dust-proof, Foldable Outdoor Motorcycle","PKR 2,512-3,454"
https://s.alicdn.com/@sc04/kf/H729462f5c49f45a79274ed8bf95be6a1Y.jpg_300x300.jpg,https://www.alibaba.com/product-detail/Plastic-Car-Interior-Accessories-China-Hot_1601542102390.html?priceId=cf0017d83c294ff498b5a6a74f1026c6,Plastic Car Interior Accessories China Hot Sell 5 in 1 Disposable Car Seat Covers Kit for Car Service Center,PKR 38-63
https://s.alicdn.com/@sc04/kf/H7af3c0887f6c4ca396e16b248721b314C.jpg_300x300.jpg,https://www.alibaba.com/product-detail/Kevlar-Aramid-Woven-Hybrid-Mixed-Carbon_1601407072651.html?priceId=cf0017d83c294ff498b5a6a74f1026c6,Kevlar/Aramid Woven Hybrid Mixed Carbon Fiber Fabric High-Strength Composites for Cars Outdoor for Girls,"PKR 4,680-6,240"
https://s.alicdn.com/@sc04/kf/H73765d84b561472ba618077559008841i.png_300x300.png,https://www.alibaba.com/product-detail/Leather-Genuine-Leather-Automotive-Interior-Accessories_1601725429921.html?priceId=cf0017d83c294ff498b5a6a74f1026c6,Leather Genuine Leather Automotive Interior Accessories - 5-seater Non-slip Complete Set - Universal Automotive Seat Covers,"PKR 24,335"
https://s.alicdn.com/@sc04/kf/H63d482f79e53413d94da7451055343f2v.jpg_300x300.jpg,https://www.alibaba.com/product-detail/High-Quality-Custom-Cordless-Mini-Handheld_1601080275742.html?priceId=cf0017d83c294ff498b5a6a74f1026c6,High Quality Custom Cordless Mini Handheld Vacuum Cleaner High-Power Cleaning Accessories Detailing Kit For Cars Rechargeable,"PKR 1,872-2,003"
https://s.alicdn.com/@sc04/kf/H7faf10f127b441e3ba6b02b185556d9f3.jpg_300x300.jpg,https://www.alibaba.com/product-detail/Cheap-Bulk-Products-Vehicles-and-Accessories_1600151295784.html?priceId=cf0017d83c294ff498b5a6a74f1026c6,Cheap Bulk Products Vehicles and Accessories Car Holder OEM Customized Universal Car Holder Tablet Computers,PKR 375-562
https://s.alicdn.com/@sc04/kf/Ha383c84e29934898ba6b58bd8cdd66b0A.png_300x300.png,https://www.alibaba.com/product-detail/Custom-Aluminum-Zinc-Die-Casting-OEM_1601739370436.html?priceId=cf0017d83c294ff498b5a6a74f1026c6,Custom Aluminum/Zinc Die Casting | OEM/ODM Non Standard Machining Electronics Automotive & Assembly Components,PKR 156-562
https://s.alicdn.com/@sc04/kf/Hd49870ca65b040e3baf21550b9253e5bh.png_300x300.png,https://www.alibaba.com/product-detail/New-Products-Interior-Car-Accessories-Alloy_1601283886101.html?priceId=cf0017d83c294ff498b5a6a74f1026c6,New Products Interior Car Accessories Alloy Aluminium Air Vent Car Holder Mobile Mount Phone Holder for Vehicle,PKR 624-687
https://s.alicdn.com/@sc04/kf/Hfa6b065df96d4f609e63a1142016f7d3u.jpg_300x300.jpg,https://www.alibaba.com/product-detail/CE-ROHS-FCC-Approved-Wet-Dry_1601399540333.html?priceId=cf0017d83c294ff498b5a6a74f1026c6,CE ROHS FCC Approved Wet Dry Home Vacuum Cleaner Cordless With Adapter Charging For Autos Households RVs Powered By Battery,"PKR 3,485-3,620"
https://s.alicdn.com/@sc04/kf/Hbf5949051fd2472bb1dfcb9126c66256w.jpg_300x300.jpg,https://www.alibaba.com/product-detail/Car-Front-Laser-Sunshade-Interior-Accessories_62467990275.html?priceId=cf0017d83c294ff498b5a6a74f1026c6,Car Front Laser Sunshade Interior Accessories for Cars Interior Accessories,"PKR 3,089"
https://s.alicdn.com/@sc04/kf/H5321fd9b78ee41d6a35a6293ea59ea01g.jpg_300x300.jpg,https://www.alibaba.com/product-detail/400W-50000LM-Led-Headlight-Bulbs-Canbus_1601799649253.html?priceId=cf0017d83c294ff498b5a6a74f1026c6,400W 50000LM Led Headlight Bulbs Canbus 6500K 12V H1 H3 9004 9005 9006 9012 H7 H4 H11 H13 Universal Car Headlight,"PKR 2,496-3,120"
https://s.alicdn.com/@sc04/kf/H40146fe6a80c45cdbd2d7132015c2da4N.jpg_300x300.jpg,https://www.alibaba.com/product-detail/Factory-Price-Luxury-Car-Interior-Accessories_1601421674613.html?priceId=cf0017d83c294ff498b5a6a74f1026c6,Factory Price Luxury Car Interior Accessories Universal Leather Car Seat Cover Set for Interior Decoration,"PKR 8,986-10,234"
https://s.alicdn.com/@sc04/kf/Hd052f5f7cad54cde9999eff94253fbd7S.png_300x300.png,https://www.alibaba.com/product-detail/Factory-Custom-Oil-Filter-Auto-Oil_1600971500049.html?priceId=cf0017d83c294ff498b5a6a74f1026c6,Factory Custom Oil Filter Auto Oil Filter Production Line OEM 90915-YZZD2 90915-20003 90915-YZZB1 For Toyota Parts,PKR 156-250
https://s.alicdn.com/@sc04/kf/Ad5dfa2d8a2c34026a5c413edac948318B.jpg_300x300.jpg,https://www.alibaba.com/product-detail/Good-Selling-Car-Interior-Accessories-Universal_1600903518847.html?priceId=cf0017d83c294ff498b5a6a74f1026c6,Good Selling Car Interior Accessories Universal Clip Auto Mobile Phone Holder Car Holder,PKR 141-153
https://s.alicdn.com/@sc04/kf/Hc6bd052b223145e2bc6c407e91a47846w.jpg_300x300.jpg,https://www.alibaba.com/product-detail/High-Power-H4-H7-H13-H11_1601400598314.html?priceId=cf0017d83c294ff498b5a6a74f1026c6,High Power H4 H7 H13 H11 9004 9005 9006 9007 9012 Auto LED Headlight 200W 12V Super Bright Car LED Headlight Bulb,"PKR 1,991-2,278"
https://s.alicdn.com/@sc04/kf/Hf5d5ff81a1b44b8b9cace80ed8167e7bv.jpg_300x300.jpg,https://www.alibaba.com/product-detail/Hot-Sale-Auto-Gadget-Accessory-Universal_1600703166380.html?priceId=cf0017d83c294ff498b5a6a74f1026c6,Hot Sale Auto Gadget Accessory Universal Rotation Car Vehicle Back Seat Headrest Hook Magnet Phone Holder ABS Material Camry,PKR 384-456
https://s.alicdn.com/@sc04/kf/H97e99f6057be4ef6bcaece060e18325bP.jpg_300x300.jpg,https://www.alibaba.com/product-detail/2026-Portable-Rechargeable-Handheld-Car-Vacuum_1601571804167.html?priceId=cf0017d83c294ff498b5a6a74f1026c6,2026 Portable Rechargeable Handheld Car Vacuum Large Suction Power Wireless Car Vacuum Cleaner,"PKR 3,089-3,713"
https://s.alicdn.com/@sc04/kf/H8e757d717a3646538d86828a0eb9029bx.jpg_300x300.jpg,https://www.alibaba.com/product-detail/Car-Interior-Accessories-Universal-Size-Luxury_1600691051204.html?priceId=cf0017d83c294ff498b5a6a74f1026c6,Car Interior Accessories Universal Size Luxury Leather Car Seat Cover Full Set for Mercedes Benz Bmw,"PKR 4,056-4,680"
https://s.alicdn.com/@sc04/kf/Hf4fb5488369742b49017312884baae9dF.png_300x300.png,https://www.alibaba.com/product-detail/3D-Custom-TPV-LHD-Car-Accessories_1601161091378.html?priceId=cf0017d83c294ff498b5a6a74f1026c6,3D Custom TPV LHD Car Accessories Car Mats for Chery Tiggo 8 Pro 2023+,"PKR 9,672"
https://s.alicdn.com/@sc04/kf/HLB1N5gxUZfpK1RjSZFOq6y6nFXat.jpg_300x300.jpg,https://www.alibaba.com/product-detail/China-Wholesale-Car-Accessories-Interior-Decorative_62112115370.html?priceId=cf0017d83c294ff498b5a6a74f1026c6,China Wholesale Car Accessories Interior Decorative Universal Phone Holder for Car,PKR 687
https://s.alicdn.com/@sc04/kf/Hf875fb3b4bd44603a65d07d764f63dddD.png_300x300.png,https://www.alibaba.com/product-detail/Redsea-LED-Headlights-R39-360W-36000LM_1601228144590.html?priceId=cf0017d83c294ff498b5a6a74f1026c6,Redsea LED Headlights R39 360W 36000LM LED Lamp Luces LED Lights Car H3 H4 H7 H11 9004 9005 9006 9007 LED Headlight Bulbs,"PKR 2,184-2,652"
https://s.alicdn.com/@sc04/kf/H88f5a4e68a334b0c8099865e17ee2c98D.jpg_300x300.jpg,https://www.alibaba.com/product-detail/Car-Interior-Accessories-Full-Set-Universal_1601808976688.html?priceId=cf0017d83c294ff498b5a6a74f1026c6,Car Interior Accessories Full Set Universal Fit for BYD,"PKR 4,680-8,736"
https://s.alicdn.com/@sc04/kf/Hdbee9b394570454e908fde3b242e7a84a.jpg_300x300.jpg,https://www.alibaba.com/product-detail/TY-S09-WIFI-Temperature-Humidity-Sensor_1600431743114.html?priceId=cf0017d83c294ff498b5a6a74f1026c6,TY-S09 WIFI Temperature Humidity Sensor IR Remote Control Smart Home Tuya LCD Detector Wireless Thermometer For AC TV Alexa,"PKR 2,777"
https://s.alicdn.com/@sc04/kf/H90ce9324fb294cdd9d04ab2ae61a8b3d9.jpg_300x300.jpg,https://www.alibaba.com/product-detail/Fascinating-Price-New-Type-Interior-Accessories_1601249263945.html?priceId=cf0017d83c294ff498b5a6a74f1026c6,Fascinating Price New Type Interior Accessories Car Beauty Durable Auto Parts,"PKR 6,066"
https://s.alicdn.com/@sc04/kf/H0748b08c62f548be829317e11f172463u.jpg_300x300.jpg,https://www.alibaba.com/product-detail/New-9005-H7-H11-H4-Mini_1601769602032.html?priceId=cf0017d83c294ff498b5a6a74f1026c6,New 9005 H7 H11 H4 Mini Projector Headlight Led Bulb 12V 4000 Lumens 6000K for Car Automotive Lighting Upgrade,"PKR 2,000-2,209"
https://s.alicdn.com/@sc04/kf/Hf5a1cde79fcd4a9da10bcc88ea53cfe9V.jpg_300x300.jpg,https://www.alibaba.com/product-detail/Car-Accessories-All-windows-Sunshad-Not_1601379198514.html?priceId=cf0017d83c294ff498b5a6a74f1026c6,Car Accessories All windows Sunshad Not a Glimmer of Light Car Curtains with High Quality Umbrella for Car,"PKR 780-6,708"
https://s.alicdn.com/@sc04/kf/Hcc9663d59e4c4a74a17871d3428c04ecX.jpg_300x300.jpg,https://www.alibaba.com/product-detail/STW-6-In-1-Multi-functional_1601794184528.html?priceId=cf0017d83c294ff498b5a6a74f1026c6,STW 6 In 1 Multi-functional 4 Port Smart 120w Dc Fast Car Phone Charger For Cars Adapter,"PKR 1,804-2,677"
https://s.alicdn.com/@sc04/kf/H6a9250c4a9d94207948c2cfe4ffe335ad.jpg_300x300.jpg,https://www.alibaba.com/product-detail/Durable-Car-Trunk-Accessories-Multipurpose-Car_1601213158710.html?priceId=cf0017d83c294ff498b5a6a74f1026c6,Durable Car Trunk Accessories Multipurpose Car Storage Accessories,"PKR 2,996-3,370"
https://s.alicdn.com/@sc04/kf/H0a04dbfe380a4cdcbf639d89092e85bby.jpg_300x300.jpg,https://www.alibaba.com/product-detail/0-08mm-Polyimide-Tape-REACH-RoHS_1601737373475.html?priceId=cf0017d83c294ff498b5a6a74f1026c6,"0.08mm Polyimide Tape REACH RoHS For Germany Automotive Electronics & EU Semiconductor Masking, EU Standard One Micron",PKR 185-247
https://s.alicdn.com/@sc04/kf/H8c06ddf5c398489f873cb0f8e838dc0du.jpg_300x300.jpg,https://www.alibaba.com/product-detail/Car-Accessories-Interior-Decoration-Faux-PU_1601800015290.html?priceId=cf0017d83c294ff498b5a6a74f1026c6,Car Accessories Interior Decoration Faux PU Leather Front Car Seat Covers 9pcs Universal for bmw for ford for,"PKR 6,977"
https://s.alicdn.com/@sc04/kf/H260da50395a543c9a5261baf72d4cbdaB.jpg_300x300.jpg,https://www.alibaba.com/product-detail/4G-LTE-GPS-Tracker-with-SOS_10000032436992.html?priceId=cf0017d83c294ff498b5a6a74f1026c6,4G LTE GPS Tracker with SOS Emergency Button Smart Locator Car Roof Device Android Auto Function Remote Control,"PKR 6,209"
https://s.alicdn.com/@sc04/kf/H3341c93a60bf462abb9ed5ae1b80ea87n.jpg_300x300.jpg,https://www.alibaba.com/product-detail/New-Car-Interior-Accessories-Decoration-Car_1600638595164.html?priceId=cf0017d83c294ff498b5a6a74f1026c6,New Car Interior Accessories Decoration Car Seat Cover Universal Luxury Sport PVC Car Seat Covers,"PKR 18,720"
https://s.alicdn.com/@sc04/kf/H4881d6178dac496894729ae55d9d008aI.jpg_300x300.jpg,https://www.alibaba.com/product-detail/Reusable-Silicone-Magnetic-USB-Headphone-Charging_1600797486768.html?priceId=cf0017d83c294ff498b5a6a74f1026c6,Reusable Silicone Magnetic USB Headphone Charging Cords Cable Twist Ties Clips Organizer For Cord And Cables,PKR 38-44
https://s.alicdn.com/@sc04/kf/H680ae9cf40b84827a3db258ca972b4cf4.jpg_300x300.jpg,https://www.alibaba.com/product-detail/Quality-Durable-Car-Interior-Accessories-Universal_1601739883606.html?priceId=cf0017d83c294ff498b5a6a74f1026c6,Quality Durable Car Interior Accessories Universal Sport 9-Piece Leather Car Seat Cover All-Season Complete Set,"PKR 9,048-9,672"
https://s.alicdn.com/@sc04/kf/A9bdc74f6fdee44d899706caf3200b38a6.jpg_300x300.jpg,https://www.alibaba.com/product-detail/Mini-Real-Time-GPS-Tracker-Locator_1601009063804.html?priceId=cf0017d83c294ff498b5a6a74f1026c6,Mini Real-Time GPS Tracker Locator for Vehicle 2G 4G OBD Smart Android Auto Function BIG Bargain Car Tracker,"PKR 7,457"
https://s.alicdn.com/@sc04/kf/H2700ff9013204a4ab283bb613e7cea68E.jpg_300x300.jpg,https://www.alibaba.com/product-detail/Factory-Direct-Sales-Interior-Accessories-Universal_1601671645889.html?priceId=cf0017d83c294ff498b5a6a74f1026c6,Factory Direct Sales Interior Accessories Universal Car Chair Seat Cover Full Set Luxury Leather Car Seat Covers,"PKR 4,306"
https://s.alicdn.com/@sc04/kf/H59e064895fbb47d39aa74b2b58566ce4t.jpg_300x300.jpg,https://www.alibaba.com/product-detail/High-Strength-Colorful-1-5mm-15mm_1600223122691.html?priceId=cf0017d83c294ff498b5a6a74f1026c6,High Strength Colorful 1.5mm-15mm L Type Hex Key Allen Wrench Set With Ball End For Bicycle Repair Tools,PKR 32-312
https://s.alicdn.com/@sc04/kf/H09e6d089af6b47baae1395b27a5488a4J.jpg_300x300.jpg,https://www.alibaba.com/product-detail/Car-Interior-Accessories-Luxury-Leather-Car_1601289652299.html?priceId=cf0017d83c294ff498b5a6a74f1026c6,Car Interior Accessories Luxury Leather Car Seat Covers Set Universal Size Auto Accessories for Mercedes benz bmw audi tesla Kia,"PKR 6,861"
https://s.alicdn.com/@sc04/kf/Hc34e1f32dc564508b885aed34da2062bU.jpg_300x300.jpg,https://www.alibaba.com/product-detail/DAS15-New-Sample-Aquarium-Auto-Water_1600770341412.html?priceId=cf0017d83c294ff498b5a6a74f1026c6,DAS15 New Sample Aquarium Auto Water Float Valve Price Plastic Float Valve,PKR 322
