url,img,discription
https://www.ebay.com/b/Cell-Phones-Smartphones/9355/bn_320094,./ebay_files/s_1x2.gif,eBay item
https://www.ebay.com/b/Cell-Phones-Smartphones/9355/bn_320094,./ebay_files/s_1x2.gif,eBay item
https://www.ebay.com/p/11056248070?iid=355095070816&var=624350343869,./ebay_files/s-l960(7).webp,Apple iPhone 14 128GB Network Unlocked Very Good Condition - Image 1 of 1
https://www.ebay.com/itm/386936766515?itmmeta=01KWF1MP4XGMN5MB5XCYN6ZBMP&hash=item5a173a8033:g:fe4AAOSwVkRmIHzv&itmprp=enc%3AAQALAAAA4DKQclQvzFwZQpmMrsO4LuqtqiBRS9IPy67MwDdNlgVLbjpmZm7AaNj%2FAIzZIi9ANK1E11ZL6m26myOSp%2FtzhVIFzkBQJHjUTAqOgAfcHbTS6EL%2BzFdaiTXq8g237przKfrurG8aT3l996Yco5YaAkmZtFWoXOJHYRq7KQHoW2FnoFjw4YxmAqPVKWrXiKhckvcNRKIHaNsqttKFHtzTv%2BuUlMLA7066MIitqfbV7JVo6%2F2ZZZRObMabJ%2BmLg1lHDhW4ov2UT18ViX36qbflryO6T4bO%2BPp%2BUxZx2W7eCYHn%7Ctkp%3ABFBMxuLS4eNn&var=654209735299,./ebay_files/s-l960(8).webp,Apple iPhone 12 64/128GB - Fully Unlocked AT&T T-Mobile Verizon - All colors - Image 1 of 4
https://www.ebay.com/itm/235791104766?epid=6041725417&itmmeta=01KWF1MP4Y6DW92YE2BVC68DY5&hash=item36e63ebafe:g:HlMAAOSwjzhkCfsi&itmprp=enc%3AAQALAAAA4DKQclQvzFwZQpmMrsO4LuquUXF6eEFtvQYKWOwpAvH39YqvAc2N3OzpQ1Ka3fVedcTnSpoqCdShBW7mlM81kmjkeGj46jc%2BEYGFAMAtFSTd3%2FrA3EDBi5U4fZqARfeWDGH6UyxAddGHG%2BLfZYDo5grWPPevpLN%2BvDoanzl70QdmCSMSxvqg%2FhrdQ6yustql8TF5P2%2Fs1qwucCVyl7ZhplSY17F5jMdDNqGR5HMlpwWr6ZaDobM5rnXEwKZcaOkYlYQe3i%2FZ3jkQHWHiWhGwMqeHD1h82ziYI6EWf%2Fpcsri5%7Ctkp%3ABFBMxuLS4eNn&var=536172944495,./ebay_files/s-l960(9).webp,"Apple iPhone 12 Pro, 128/256/512GB - Fully Unlocked - Used Very Good - Image 1 of 4"
https://www.ebay.com/itm/235272916954?epid=19049287637&itmmeta=01KWF1MP4YAK7R9AZ09KR9YDYP&hash=item36c75bcfda:g:sMQAAOSwcSFkCfCZ&itmprp=enc%3AAQALAAAA4DKQclQvzFwZQpmMrsO4Lupe9sPh7MMkH2pu1OlNSm2pZrqczlLwibVBbL7SxH5vE1%2BfKoqyPif%2BNs4FTNu1TzCF15Qbt348D%2FLe2huc2VAWr9ta%2F8mGsjOmLmXwQrxmImsZZbTykpBx%2BkiOeB%2B7yxrcEm%2F8q%2Fw7YQO2halmuMhWDfHa4yc59wGYjb%2BhJeMyH8yrg80icEuPh10UF41%2FuwvXDG41vGKVa1%2BF7MPt2X8Nj2OdOu46dfO4%2Fvc7VH1r3%2FyStrfzhv7GhZOR3WTPUYglD48r0zV0RJwXdCLO8C%2FF%7Ctkp%3ABFBMxuLS4eNn&var=535304101296,./ebay_files/s-l960(10).webp,"Apple iPhone 13, 128/256/512GB - Fully Unlocked - Used - All colors - Image 1 of 4"
https://www.ebay.com/p/2327306603?iid=127863462355&var=429064532076,./ebay_files/s-l960(11).webp,Apple iPhone 14 A2649 128GB Good Condition All Colors - Image 1 of 2
https://www.ebay.com/p/10041718568?iid=156833155405&var=458248164826,./ebay_files/s-l960(12).webp,Apple iPhone 12 64GB 128GB 256GB Unlocked Smartphone - Good - Image 1 of 1
https://www.ebay.com/p/235174040?iid=326869176910&var=515821960980,./ebay_files/s-l960(13).webp,"Apple iPhone SE 3rd Gen (Great Condition) - (Unlocked, AT&T, T-Mobile, Verizon) - Image 1 of 4"
https://www.ebay.com/p/3072579174?iid=255865325274&var=555803153093,./ebay_files/s-l960(14).webp,Samsung Galaxy S22 128GB S901U Unlocked - Good - Image 1 of 1
https://www.ebay.com/p/3065006932?iid=255803826545&var=555925514141,./ebay_files/s-l960(15).webp,Samsung Galaxy S22+ 128GB S906U Unlocked - Good - Image 1 of 1
https://www.ebay.com/p/3059049812?iid=256372558330&var=556609785242,./ebay_files/s-l960(16).webp,Samsung Galaxy S23+ 256GB S916U Unlocked - Good - Image 1 of 1
https://www.ebay.com/p/4043682109?iid=254987231741&var=554895524532,./ebay_files/s-l960(17).webp,Samsung Galaxy S21 5G 128GB G991U Unlocked - Good - Image 1 of 1
https://www.ebay.com/p/16063124315?iid=227335612240&var=526538434171,./ebay_files/s-l960(18).webp,Google Pixel 8 128GB - Rose/Hazel/Obsidian/Mint - Unlocked - Excellent Condition - Image 1 of 1
https://www.ebay.com/p/16063124315?iid=176492807436,./ebay_files/s-l960(19).webp,Google Pixel 8 GKWS6 Unlocked 128GB Obsidian Good - Image 1 of 1
https://www.ebay.com/itm/226908600683?itmmeta=01KWF1MP4YTSEZ8HKTYEF226HT&hash=item34d4ce796b:g:qAwAAOSwhGpkCevP&itmprp=enc%3AAQALAAAA4DKQclQvzFwZQpmMrsO4LurAzRWTaF6skFCiWxXAsRyWc3mVsUOXQEaaTL5k5EMIIqiORKdUYUtf98ipFdaCmoXCFbvaUH3835WDtaKpvUpJZ7ysZTc7KdscxLHQ8Dl0nIFhUzwD95pAbSgD59DM8ENpPn0PaM%2BpS1u6vftK2Jt4xSdXOPIyOQ9sxlMvSXIf9h6jnCukcjaxnBTM%2FdXpGQMz1xXa9Nwp%2FsS5DJrgS%2Fg1pSzcB3uJeuTCLDkImY6BfP3ywamtTn17rmYYLsoWn%2FyKrNpjhbs4O4oQyLCpBxbb%7Ctkp%3ABFBMxuLS4eNn&var=526061237498,./ebay_files/s_1x2.gif,"Apple iPhone 13 Mini, 128/256/512GB - Unlocked - Refurbished Excellent - Image 1 of 4"
https://www.ebay.com/itm/236252802371?itmmeta=01KWF1MP4Y1F14TFE9P548N355&hash=item3701c3ad43:g:lK0AAOSwSeFkGfyu&itmprp=enc%3AAQALAAAA4DKQclQvzFwZQpmMrsO4Lur%2BaEmb%2BbqEfpvCT0pcFZCBsYMjpuhZa9jjjK5NsCnr4dFTVYoOwehWAYJL1NLqqNrIjPfgON3ufUMf8A6YkH6NHYUvzbWQa2GRAHckERpVRLlYLRD%2Bp1N3Z5DFSngSHEvscf38%2FnYJ9BiAaVIcQUBFbQstI4equvZEjkG3KnszxgO1F7IELekHNWL3KyzU9vmc4ZQjM3WS292bL4PEl0bYj8hWROS1Eupgukn%2FYZlmNJL67WNAWAevBl%2FNQ30kohl1lib4TDvwqbJNLjfS0HTo%7Ctkp%3ABFBMxuLS4eNn&var=536813118477,./ebay_files/s_1x2.gif,Apple iPhone SE 3rd Gen (2022) 64/128/256GB-Unlocked -Refurbished Excellent - Image 1 of 4
https://www.ebay.com/itm/236252696651?epid=6041725386&itmmeta=01KWF1MP4YS5D2BMNZV3327WE8&hash=item3701c2104b:g:t6IAAOSwLsdkCgAA&itmprp=enc%3AAQALAAAA4DKQclQvzFwZQpmMrsO4LuoUPIWpqL7186fUlDPKaZr%2BxTvWMT13diIypr56NHinKj4KyKdPuUMy5E9r3WmQh6DOS3ZgTcg1%2B0Wfy4IqivrqoCjdVMbQKnW65ewEFIlcc9er%2FODKC0Kbq4h4J8lo01KAZ%2Fwz7tVMKLgN7gELNtUJZCh%2F5gEBzFCwi4Yv2VoOvPJ4lC5mZtdt70WujL%2BAwdZh6D7Roi87aj063uNI6odMcOpn58Y%2Bks8xACgklkODb0Gc7Wp%2F029S%2F25jhEpPaPDoNfOJdOTDcjux%2BtvKxycB%7Ctkp%3ABFBMxuLS4eNn&var=536813094588,./ebay_files/s_1x2.gif,"Apple iPhone 12 Mini, 64/128/256GB - Unlocked-  Refurbished Excellent - Image 1 of 4"
https://www.ebay.com/p/28050339198?iid=186382972121&var=694433059834,./ebay_files/s-l960(20).webp,Google Pixel 6 5G GB7N6 Unlocked AT&T T-Mobile 128GB 512GB Very Good Refurbished - Image 1 of 4
https://www.ebay.com/p/19056929172?iid=355617734563&var=624734829921,./ebay_files/s-l960(21).webp,Google Pixel 7 GVU6C 128GB 256GB Unlocked Very Good Refurbished 1 Year Warranty - Image 1 of 4
https://www.ebay.com/itm/167822874266?itmmeta=01KWF1MP4YR1Q10BSE56Q1GVY6&hash=item271305d69a:g:b1kAAeSwIY9o2fUT&itmprp=enc%3AAQALAAAA4DKQclQvzFwZQpmMrsO4LurkekAZqXi6uAtXrLIdZb8jGI11Lm1WM6j1qLDGdlnG73RRAI%2BjrnG6g6rQwrgV49VM5k1sR4Edi8Lz6wJs%2BCw6TmuOw72Uw09Pb2pKynFB%2BvzD76H%2FvhKjgumws%2BOx9JBHr4HmJTBg1UQwrOIiG4ox5QBRT21ABLdLGIJczKVtBiv3tvvyL1g2XEzlWMsYGglNOQFK%2BHBVkc%2FFEnrIa2jroNpiwVoS%2FTjBTI4xLHGlS5BXrJJTmQ1UJ5gQA8iaHzSLPhMHqVxdk%2BGeTbgbdCci%7Ctkp%3ABk9SR8ji0uHjZw,./ebay_files/s-l960(22).webp,Unlocked Smartphone - Android - Image 1 of 4
https://www.ebay.com/itm/397652414560?itmmeta=01KWF1MP4Y6BYNX48TSK9VC7CT&hash=item5c95ee5060:g:QJAAAeSwDahpSPNN&itmprp=enc%3AAQALAAAAwDKQclQvzFwZQpmMrsO4LuqqcQ5vSofz50ZHqAZnm2Ou6JWPG2QDTd8oipp33ihg8KNJrHkY9GiXvCbMug5I8sXW8V6cF%2Fhs1VJSz5hYftrfRRXOM%2FIBv3fhFhtDuWWl3nzPFyEcdVnE1Uju5hvtdb4k7v2Dd2Cdi8P21BUtuGX9BRC5nk7wMhhKsa59AvTxmssDA5ZidQ4BHCd4sRizGQNz65aBw3oIjOj%2FfDxjTuHnbAZZzHfP%2BA7oQv4cO605gw%3D%3D%7Ctkp%3ABk9SR8ji0uHjZw,./ebay_files/s-l960(23).webp,65W Type USB C Super Fast Wall Charger+3ft Cable For Samsung Galaxy S22 S21 S23 - Image 1 of 4
https://www.ebay.com/itm/397536648666?itmmeta=01KWF1MP4YF1RAHNR7JHYA70E5&hash=item5c8f07ddda:g:~R4AAOSw2WNmA8Ek&itmprp=enc%3AAQALAAAA4DKQclQvzFwZQpmMrsO4LurF9JwdMFCyDJSSK%2FbBOKYjoLMDNSLE3HL%2BHH19wx39PgrMTKzWVXKppxPZBaAMq0aUNG8ytB4vlLXgx47mEuf1CGy5LTQyYv5QK2dmoVMMIchkrN%2FHxC8pmF7QXKnJLrkNfkdKunJSdcufc2vYZNbwe6ND8sNEFq0IvEgI9IZKuuwonAS2Y299yTOVM7wIz%2FIIiQ4ZKPcoe5Y2eXCqWoRXIvLROP%2FVkOlzzu8tuGK7eZ2Njl8dXSjZAve9sqmJ9VCp8mTqyE2GyIakjOlo7%2Fjg%7Ctkp%3ABk9SR8ji0uHjZw&var=665917480053,./ebay_files/s-l960(24).webp,45W USB C Super Fast Wall Charger & 6FT Cable Fit Samsung Galaxy S24 S23 S22 - Image 1 of 4
https://www.ebay.com/itm/397676422353?itmmeta=01KWF1MP4Y9DMHKDAA9ZGN77DP&hash=item5c975ca4d1:g:De8AAeSwQ7dowU9g&itmprp=enc%3AAQALAAAA4DKQclQvzFwZQpmMrsO4Luo0mW1TnD8%2B876RlBoF--cD60Fug4hDbrWZreBwzDoYoV2E6JOzPk%2BcoD6FN0QSfgQOEGmOcb2EmjKzf50HuQtHMGleIm6Lxhtb5nL8xU2NpVY9WZwKoSLA9Eh9aICGQA58aR5HbY2OyAf20HfcI6rWjm8MMR7MPhb%2F9hevuFHVq1pd8k%2Bw%2B8qCp%2FLdvNVVeKT88QiNLCCq8bcDa7nR4z75AdDkxd3P2avdYDHOrSv1XmSxusBFULFE3WlV1xmOk47wcMjdW6XWpFddUHBFe%2BsE%7Ctkp%3ABk9SR8ji0uHjZw,./ebay_files/s-l960(25).webp,65W PD Power Adapter Duo Wall Charger 1 USB-C Cables For Samsung Galaxy S23 S22 - Image 1 of 3
https://www.ebay.com/itm/376165074557?itmmeta=01KWF1MP4Y9D7DK307Q8YE0M14&hash=item57952f867d:g:7ZQAAOSw5WxmPDDJ&itmprp=enc%3AAQALAAAAwDKQclQvzFwZQpmMrsO4LupR3oQWHRrq85zLXXv7gKPGEuia0CIP%2BERP93ksfOi1it4lW3VO%2Fu%2BngSVY7djNtEZn5AHjmIOq2slzKFX8CNDzw8h1JFWDYYLXuQFYtDPb2o5F2dSZbCffTR%2BQZ3k6AD8uTWJ4EyTGdHMsTdCtdOgWjN%2FKsBet1qREsMlHdyFaRLMavccX--cdFEQZcVKVBDbAXOTLlOnFj2fRr2D3dkEo7Ru8rzgdMJ01iA%2FtQkk3rA%3D%3D%7Ctkp%3ABk9SR8ji0uHjZw&var=644901241765,./ebay_files/s-l960(26).webp,45W Super Fast Charging Type C Wall Charger+Cable For Samsung Galaxy S20 S22 - Image 1 of 4
https://www.ebay.com/itm/355805042031?itmmeta=01KWF1MP4Y364979MHFZVACZRJ&hash=item52d7a2156f:g:MzYAAOSwBKRmclU-&itmprp=enc%3AAQALAAAAwDKQclQvzFwZQpmMrsO4LupspWSDdCmBXb329iYeXSiK3pfuCyrCCRaLRpzAZ%2B%2BqAeZ%2B%2BMCgItCsWW1e3Fq9VTF6moGpFEiUfarR484wSqibvG%2F38midomsOWkumMMiLZ2V8sAWSaAgmkkrZuJvVmB54HEamKOa%2B3ZIL7G7WnOjzgxeElzoh3mo4IQfFObfo1ziIShIih%2FKJOCryUh63NzSwoo3094mJcFdGlae9dhhYtnGO1ChHiYpqvS4ZuPIkPw%3D%3D%7Ctkp%3ABk9SR8ji0uHjZw&var=624878714445,./ebay_files/s-l960(27).webp,45w Type USB-C Super Fast Wall Charger +6FT Cable For Samsung Galaxy S23 S21 S22 - Image 1 of 4
https://www.ebay.com/itm/388785002690?itmmeta=01KWF1MP4YVC1CP41JDWW05N3N&hash=item5a856458c2:g:2LYAAOSwGeFmB6uO&itmprp=enc%3AAQALAAAAwDKQclQvzFwZQpmMrsO4LupCgjNfbhZ1FVo56Q4m3cl9CvamFk6IGnhlzSn94lrunr8eCmS2BN4tXgKnfX7t5NAUawxFFcQggEs2bQah9N1T9oYhN4OTSPcFUNEv1wMJua%2F0s3nnlnomycYi2jmTHl8amDO7kCqAW%2B06wkq6E3cXfF6Sh1j%2BjLLrm8RBOq6aPrRrzHzLOkvSO0gCFK4vQgnoqVK59%2Fml%2FFO8%2BOLLJzYAOju7VPvJlilCn9LyDynIGQ%3D%3D%7Ctkp%3ABk9SR8ji0uHjZw&var=655900955970,./ebay_files/s-l960(28).webp,45W Super Fast Charging USB Type C Wall Charger Cable✅Fit Samsung Galaxy S23 S22 - Image 1 of 4
https://www.ebay.com/itm/307024657155?itmmeta=01KWF1MP4Y3RYZT0FWT13YN1H3&hash=item477c187b03:g:xB0AAeSw4PlqPUvb&itmprp=enc%3AAQALAAAAwDKQclQvzFwZQpmMrsO4LuoXUJbhn%2BJQTx0oYUvSnLFY%2Bb8KM7ZH62ILfQ9kDa61FG0fX024%2F5P2efpRR1A8MbWhkcm0b5%2Bnj%2Bur5R6TPqoQ%2BW5et0vcv93Ed9zvRes9dstcGE9OJ%2F%2BCGfRy23DIBxwY7jSTZKLqWyKMpZLYsMqP5yZz5is6e0ulnDYmcl4wUeEH9qz%2FPWpC6l2Gv0SHZT3kDEl22wsouRhacbdOJ5AiGE3sAfI8o5WPLg2NB4DSsw%3D%3D%7Ctkp%3ABk9SR8ji0uHjZw,./ebay_files/s-l960(29).webp,Motorola Razr 2023 5G XT2323-5 128GB Sage Green Unlocked Foldable Android Phone - Image 1 of 2
https://www.ebay.com/itm/318121175214?itmmeta=01KWF1MP4Y610GJSPY6DQSWE2T&hash=item4a117fe8ae:g:Lf0AAeSwG25p1hwF&itmprp=enc%3AAQALAAAA4DKQclQvzFwZQpmMrsO4LupbFHlsr%2FNEIb3tDd3IDgVp1X1bBgZH1BViK3CHIapKt30KdyAHwDUV23%2Bb%2FSAk8Inm7hz6OSumdWqw8jmLMniSH1S0HzY9luS8%2BU2hWUt9NdE1nIRs0VaYEnLx85GZASENc8ZWzxfq8enDLBkBRjwdkAy0BpbJFmb4XmYZiFLOMW1JkSX35teDNim66uDH0yGq4LKxjRiw1i8L%2Fp5INxo3OnqN6Z8hRwhla75Rr1D1nva7Bro52wFOLq8df8PLwfouqODao2nHn%2Fb9CfpYyfAJ%7Ctkp%3ABk9SR8ji0uHjZw,./ebay_files/s-l960(30).webp,"OUKITEL WP53S Rugged Smartphone 11000mAh 16GB+128GB 6.52"" IP68/IP69K T-Mobile - Image 1 of 4"
https://www.ebay.com/p/24052278109?iid=204769441593&var=505407818920,./ebay_files/s-l960(31).webp,Samsung Galaxy S22+ 5G SM-S906U1 128GB 256GB Unlocked Good - Image 1 of 4
https://www.ebay.com/itm/326314302722?epid=26049291214&itmmeta=01KWF1MP4YZ664S8N2AYF7WZR5&hash=item4bf9d91d02:g:qAwAAOSwhGpkCevP&itmprp=enc%3AAQALAAAA4DKQclQvzFwZQpmMrsO4Luoy0P3modmOc2r1zn%2ByBv5vkcAlH%2FBx58ppIw0QE7zyzyiFDAQRsMa3EcoIcNh7DrV8dKX0BAneWZ84erZhFOHCBtklrqUQS3ZB0e%2BIK3Y5bJaZwdo5qs9orJgXiyG%2FRTL50ILBoApvb6pyvwlnipTGYQEYwQmOwF2r9LWcVXSjmrDPpJOTGGppWRWyvU7dHGoAPSbbtxyIgtbhtuJ%2F%2B1upIr4YXajbyOWBeFNXl7WdwLM0cnzwUnfN4XZcnq1N6sfAcb5ctlZEcHel3BakHm0P%7Ctkp%3ABFBMyOLS4eNn&var=515441856434,./ebay_files/s_1x2.gif,"Apple iPhone 13 Mini, 128/256/512GB - Unlocked - Used  Good - All colors - Image 1 of 4"
https://www.ebay.com/itm/326721928692?epid=7041718861&itmmeta=01KWF1MP4YRRCQ81XB9B48VKDZ&hash=item4c1224fdf4:g:HlMAAOSwjzhkCfsi&itmprp=enc%3AAQALAAAA4DKQclQvzFwZQpmMrsO4LuqPkElfBzSMpPXg6KkGeOL1%2BJNiHcWoPGshEBjssqZiVfu%2FYi%2FTu77s1ZakSG1hdUF9yf%2FNxBCR1dRn5rOrWxFyURaBELo8alb8u%2FyQYfMPNUQXA%2FhwYSSf0HOszbNK%2FPFeht7d8BK4NoElUqcVtkqHfU9VbyRoIdX68%2BJnpHx%2F90T8lhZ95Hfrd1dPXcQSYarJOrW7wqkfWc%2F7m7NBZNqG%2Fon%2BjE%2F9gonK8WCjTPeYQaAGiStK8vb8PETz2agPqq%2B%2BeZfk9yksIsJeFmoZkp7p%7Ctkp%3ABFBMyOLS4eNn&var=515734602118,./ebay_files/s_1x2.gif,"Apple iPhone 12 Pro, 128/256/512GB - Fully Unlocked - Refurbished Excellent - Image 1 of 4"
https://www.ebay.com/itm/325859347437?epid=20056257992&itmmeta=01KWF1MP4YDSBF8H3075B05PWT&hash=item4bdebb0bed:g:tzUAAOSw1p5kB1Fw&itmprp=enc%3AAQALAAAA4DKQclQvzFwZQpmMrsO4LurLPPrQbE7ycGH3i1KDcNBnw5UrqJtMC2dCns4Xnx9d7uLuxxucJN22eF1CgPHQl5Rm8DCtfZ6lPvq78PadL6wQlW80dcDgvpRx%2FZ14ETQui4iJTz2fsQYRDtTrHqL6M7DKHpuvAsrfjoCs6v4BiZhuYNI4%2FCvrux3vaYVcTXrvo4HjzAupfsR6ZwnZQdEQwyZkgyxfv0fmbdiHSRzdnYpvNlFMwUADDHUgUn694trHuyAL9eQKmv1KKRZOMCd%2FZU8qCsN4eKuxugt7oKEjhxFB%7Ctkp%3ABFBMyOLS4eNn&var=514903059890,./ebay_files/s_1x2.gif,"Apple iPhone 14, 128GB-256GB-512GB, Unlocked - Used All Colors - Image 1 of 4"
https://www.ebay.com/itm/327194157221?epid=28041715467&itmmeta=01KWF1MP4YF5XZ0JDRJ1C9S7JJ&hash=item4c2e4aa0a5:g:VHAAAOSwgBxkCfYf&itmprp=enc%3AAQALAAAA4DKQclQvzFwZQpmMrsO4Luqh5CwBmbib5U12RhiE2CE1GWP8ZlXDnNVg7kBEdn%2BUs7xhTBCcFs3sCHS9XJ3gqQ9q%2BQq%2BL6DzC%2BNQPEwD5KLVK4muMLMnCkAG9Rl9AdXFi0hm5xYDSyKDVQ4sOblf0w4m11xXYLrw5yLqJT1Zqj9IxcCzWoCgkZZQgH87HW%2BNM9lGFzkURqnSzY%2BxlwpwbUFGj9XNX5bh9UaRWaKv4GjzcPfSaoJYaIfn7tQhULAaBS%2B9dzaeBSjClWN9Hpqs1BiVRVuYOfIeoMw5ppSXQDlU%7Ctkp%3ABFBMyOLS4eNn&var=516009653236,./ebay_files/s_1x2.gif,"Apple iPhone 12 Pro Max, 128/256/512GB - Unlocked -Used Excellent - Image 1 of 4"
https://www.ebay.com/p/7074872327?iid=127274451021&var=429103665612,./ebay_files/s-l960(32).webp,Samsung Galaxy S25 128GB 5G SM-S931U1 FACTORY UNLOCKED - CDMA + GSM - EXCELLENT - Image 1 of 1
https://www.ebay.com/p/5065009608?iid=256372465052&var=556454234753,./ebay_files/s-l960(33).webp,Samsung Galaxy S23 128GB S911U Unlocked - Good - Image 1 of 1
https://www.ebay.com/p/17064923339?iid=116559489209&var=417171478769,./ebay_files/s-l960(34).webp,Samsung Galaxy S24 128GB 5G SM-S921U1 FACTORY UNLOCKED CDMA + GSM - EXCELLENT - Image 1 of 4
https://www.ebay.com/p/7049287499?iid=354393355064&var=623805665188,./ebay_files/s-l960(35).webp,Apple iPhone 13 A2482 128GB Network Unlocked Very Good Condition - Image 1 of 1
https://www.ebay.com/p/25074098245?iid=156815506333&var=458219548529,./ebay_files/s-l960(36).webp,Apple iPhone 12 Pro 128GB 256GB 512GB Unlocked Smartphone - All Colors - Good - Image 1 of 1
https://www.ebay.com/p/18074867630?iid=257571663748&var=558186493974,./ebay_files/s-l960(37).webp,Samsung Galaxy S25 Ultra 512GB S938U Unlocked - Open Box - Image 1 of 2
https://www.ebay.com/itm/236252720404?epid=19034211488&itmmeta=01KWF1MP4Y5EJG66Z6R0VZDRTT&hash=item3701c26d14:g:ufUAAOSwff1kQwEh&itmprp=enc%3AAQALAAAA4DKQclQvzFwZQpmMrsO4Luq%2BtPEQb9OERCZRHAcn2vTKz9bPba3bp42x3B3%2FyMvIJPPsHr8UHzJ2i5QXq1sUJHuTfWQX3R3haU%2BWTAmcHyE3hHBH9m4w%2FA9Xd4QcSiZ192c7RA0Snqcd9thUjuK8aGe6oSHh46dm9iN3fBkCUOd%2B0sXml7eVhO6em3hQVB8mpbWIfNIen1pD%2BUL3jV6Ylj7%2BABFdaqYx6ZEKd08AJgC75NxDo7p%2ByuRjGNIvJOeCR%2BwsCwdj1JoomYEUnHa4PDlF0rztCo733fXsPjb%2BWDtJ%7Ctkp%3ABFBMyOLS4eNn&var=536813185542,./ebay_files/s_1x2.gif,Apple iPhone 11 Pro Max 64/256/512GB Unlocked - Refurbished Excellent - Image 1 of 4
https://www.ebay.com/itm/297281619485?epid=19071468686&itmmeta=01KWF1MP4ZT11AWYQ679FKNA68&hash=item45375d861d:g:2igAAOSwlFloGeOl&itmprp=enc%3AAQALAAAA4DKQclQvzFwZQpmMrsO4LupLLkSpcxM09ufnt0oBGZ0Byfa3w%2FIn9%2F3xEc7YyptP0xNfQtmYZDSgDFUDLYhA4TQNnjSiuKRL72vB0XzuvtC2F1GSj9kF0i4OFJ1tM6zOdmHBCvVdT22e780B%2FgbX2FRroVHVNDKI%2BIPs%2FADTybGmqBAHzP4mmfWjXFSZRueZkz7foSRoG3FctIQImCF1qH4xasHLJ4SA89OoELtyhvTt03DVMAgsJ%2FoWnEGqh51s%2F8UnlCvqlvRRhBjGZJTpnzlXIpLT5xJBXU25cyfu%2F8lF%7Ctkp%3ABFBMyOLS4eNn&var=594842919272,./ebay_files/s_1x2.gif,New Sealed Samsung Galaxy S21 Ultra 5G 128GB/ 256GB SM-G998U Factory Unlocked - Image 1 of 3
https://www.ebay.com/p/4064918154?iid=318199900203&var=616735835407,./ebay_files/s-l960(38).webp,"Samsung Galaxy S24 Ultra (5G) 256GB/512GB S928U Factory Unlocked,New & Sealed - Image 1 of 4"
https://www.ebay.com/p/9062763667?iid=356227859677&var=625224267959,./ebay_files/s-l960(39).webp,Apple iPhone 15 Pro Max A2849 256GB Unlocked Very Good - Image 1 of 1
https://www.ebay.com/p/26049291214?iid=156744846451&var=458131107767,./ebay_files/s-l960(40).webp,Apple iPhone 13 mini 128GB 256GB 512GB Unlocked Smartphone - All Colors - Good - Image 1 of 4
https://www.ebay.com/p/2330090727?iid=357600879787&var=626195117824,./ebay_files/s-l960(41).webp,Samsung Galaxy S23 SM-S911U 128GB Unlocked Very Good Condition - Image 1 of 1
https://www.ebay.com/p/28071476588?iid=176805610914,./ebay_files/s-l960(42).webp,NEW SEALED Samsung Galaxy A15 5G 128GB Factory Unlocked 6.5'' - Blue Black - Image 1 of 4
https://www.ebay.com/p/11056248070?iid=406958568415&var=677158568919,./ebay_files/s-l960(43).webp,"Apple iPhone 14 128GB 6.1"" Fully Unlocked - 100% Functional - Excellent . LB - Image 1 of 1"
https://www.ebay.com/p/26049290840?iid=127948232745&var=429132740667,./ebay_files/s-l960(44).webp,Apple iPhone 13 Pro 128GB A2483 Unlocked Very Good Condition All Colors - Image 1 of 1
https://www.ebay.com/itm/185698601733?itmmeta=01KWF1MP4ZTTKGPJ44J5MQMPFP&hash=item2b3c7fcb05:g:8fUAAOSwKQFi5E5W&itmprp=enc%3AAQALAAAAwDKQclQvzFwZQpmMrsO4Lur1jrDnip2LqO5PkooCC4subN99D325Fh8fRiTl0l5Szl%2BH5aMwNjZGbGEi0o6JcFaM1JiDq1rZ4TAK7%2FYzXb9nkAAR2kmQSHI9de%2FKIxM5M7qn8qgWGNtTDMt18TSIRKqw0zPVi3%2BmdK72kWm9bSz%2BsDd8akNS3aCnkgpP9UmFZu1i%2BeLdr0XS%2FcUb2S3TljnmTRWfsUt4Zag0qZ3i74svxwNykOq51yXK3GxWeRtJ5Q%3D%3D%7Ctkp%3ABk9SR8ji0uHjZw&var=694403158216,./ebay_files/s-l960(45).webp,Samsung Galaxy S21 5G SM-G991U 128GB 256GB Unlocked Very Good Refurbished - Image 1 of 4
https://www.ebay.com/p/22071465436?iid=127948205300&var=429132828184,./ebay_files/s-l960(46).webp,Apple iPhone 16 Pro Max 512GB A3084 Unlocked Very Good Condition All Colors - Image 1 of 1
https://www.ebay.com/p/7056262374?iid=295504908589&var=593592859633,./ebay_files/s-l960(47).webp,Apple iPhone 14 256GB Factory Unlocked AT&T T-Mobile Verizon Very Good Condition - Image 1 of 4
https://www.ebay.com/itm/137136976809?itmmeta=01KWF1MP4ZZJ32K7PGSMSS8VBS&hash=item1fee0033a9:g:usgAAeSwcnFp6deW&itmprp=enc%3AAQALAAAA4DKQclQvzFwZQpmMrsO4LurXjsb5S1eyzVLNWxqLyNOhXMC8SrGAXpZZ9njoH64A%2Bi1ejBgJZs0zO%2BkUAALQhOeI8SzyUtgScef5ZTIeQe5dEFiNY%2BUpYX4fsZNWmlx1gxOb2uedA5yuT0WD7QKfVKIc8uo85lX4AFxBpoiWW7SvOhSy7Q2xEl7%2F4Q%2F0b1YEz7aTVqqgVDb20rUL3b8RRZByGU00Q1ABXouSwTuMIk2S47twGc9%2B%2FX0rhZ97W8i6Aear2g8qi3a8EOSjRBdu%2FV1ky9t2C4Skf4FP3x%2B%2F8eRh%7Ctkp%3ABk9SR8ji0uHjZw&var=435503461737,./ebay_files/s-l960(48).webp,🔥NEW Sealed🔥Samsung Galaxy Note 20 Ultra 128GB 5G SM-N986U1 Factory Unlock - Image 1 of 4
https://www.ebay.com/p/20064922135?iid=256652847329&var=556952370921,./ebay_files/s-l960(49).webp,Samsung Galaxy S24 Ultra 512GB S928U Unlocked - Good - Image 1 of 2
https://www.ebay.com/p/20059238253?iid=226447947273&var=525635725005,./ebay_files/s-l960(50).webp,Apple iPhone 14 128GB - 5G Fully Unlocked - VERY GOOD Condition - Image 1 of 1
https://www.ebay.com/p/27062765554?iid=356036255923&var=625079379033,./ebay_files/s-l960(51).webp,Apple iPhone 15 A2846 128GB Unlocked Very Good Condition - Image 1 of 1
https://www.ebay.com/p/11058715310?iid=256413667885&var=556528799834,./ebay_files/s-l960(52).webp,Samsung Galaxy S23 Ultra 512GB S918U Unlocked - Good - Image 1 of 1
https://www.ebay.com/p/2320328612?iid=127948238760&var=429132815820,./ebay_files/s-l960(53).webp,Apple iPhone 13 Pro A2483 256GB Unlocked Very Good Condition All Colors - Image 1 of 1
https://www.ebay.com/p/3065006932?iid=196518655332,./ebay_files/s-l960(54).webp,Samsung Galaxy S22+ SM-S906U Unlocked 128GB Phantom Black Good - Image 1 of 1
https://www.ebay.com/p/14064992173?iid=116619563010&var=416985445450,./ebay_files/s-l960(55).webp,Apple iPhone 14 -5G - 128GB Factory Unlocked GSM + CDMA - EXCELLENT - Image 1 of 4
https://www.ebay.com/itm/278045046774?itmmeta=01KWF1MP4ZAA5318Z79VBR7W6W&hash=item40bcc6b7f6:g:9r0AAeSwBuxqHdqy&itmprp=enc%3AAQALAAAA4DKQclQvzFwZQpmMrsO4LupfmP41CuyyzbQ6H0lBN69tLiWPZxVq4juCCv47jxNlijLB53U67kf5xC0PqW593R%2FO2aNn59KpmKjO%2BeZSthQ5xEwP7jOXEOffRIu%2Fo1bMfsmcnQmafYV0O03v7Q0kjDgTX8qkLyZvZHHQ75LL1cQCFOyp2x3LNDRB839deTIy4DnPMRqnsFUmHefGkgExcBAWQCnXEVa3UCa3o6c5NSfiFb0FvCsxWQWuB3g9WVWBo01yqQQi8ws3aGZsjFCrpBTaQkrPCpOpw3056wt2L4gz%7Ctkp%3ABFBMyuLS4eNn&var=2560876595786,./ebay_files/s_1x2.gif,NEW! RayHunter IMSI Catcher & Stingray Detector - Orbic RC400L Mobile Hotspot - Image 1 of 4
https://www.ebay.com/itm/175974311051?epid=240377032&itmmeta=01KWF1MP4ZA9HYB4W8WW2D20AG&hash=item28f8e2e48b:g:BecAAOSwD4hlMYQr&itmprp=enc%3AAQALAAAA4DKQclQvzFwZQpmMrsO4LupLnjR44kd04sE9jJRYSG7vXkxZYI8QAcTOB4bOQqAEG6fTYOMFlmvpdD6G7zuJB8gxaaXiYPtysPMx2shYy2tk9tv6om2sxuoKtPC8oeaUiB878XWK%2BzsgOiCfaTVvpeW60abrJAuwdXTRlk0Zoks4v7%2F9niGfVK6eNsKS39hydjIzJTjagOxZlkFS%2BrcN1pz3q8U9kGUMsLqZrzogVMTqJXHs8UT0VqLymJjEF8djzLC%2FgKUpMoIdxfgbC%2Fe211P%2FeSdJyr3J89wIfRj52epr%7Ctkp%3ABFBMyuLS4eNn,./ebay_files/s_1x2.gif,BULK LOT OF 10 Apple iPhone 8 64GB Unlocked Fully Working A-Grade A1863/A1905 - Image 1 of 2
