img,url,discription
https://ir.ebaystatic.com/cr/v/c1/s_1x2.gif,,eBay item
https://ir.ebaystatic.com/cr/v/c1/s_1x2.gif,,eBay item
https://i.ebayimg.com/images/g/uVkAAeSwBgRoL8gl/s-l960.webp,https://www.ebay.com/p/3059049812?iid=256372558330&var=556609785242,Samsung Galaxy S23+ 256GB S916U Unlocked - Good - Image 1 of 1
https://i.ebayimg.com/images/g/lK0AAOSwSeFkGfyu/s-l960.webp,https://www.ebay.com/itm/236252802371?itmmeta=01KWF3J2QTBDZZK156MFA9PNKQ&hash=item3701c3ad43:g:lK0AAOSwSeFkGfyu&itmprp=enc%3AAQALAAAA4DKQclQvzFwZQpmMrsO4Lur%2BaEmb%2BbqEfpvCT0pcFZCBsYMjpuhZa9jjjK5NsCnr4dFTVYoOwehWAYJL1NLqqNrIjPfgON3ufUMf8A6YkH6NHYUvzbWQa2GRAHckERpVRLlYLRD%2Bp1N3Z5DFSngSHEuuG4zZVi3VdkE2gkYGRjtsahuQiYtGM6B77jpCOIPEem2dSqM3%2FlQIqA7fpIrEvFhoxlNgYKtg3nBC4r1pnJdTUfb3nWjXHcDG%2FAe49HASmo9ylFxysWd5Ci82qoHTzeUiAJT9pfHr9UO6CMzB1Hms%7Ctkp%3ABFBMiqzI4-Nn&var=536813118479,Apple iPhone SE 3rd Gen (2022) 64/128/256GB-Unlocked -Refurbished Excellent - Image 1 of 4
https://i.ebayimg.com/images/g/gIgAAeSwyFxqFyo~/s-l960.webp,https://www.ebay.com/itm/227335612240?epid=16063124315&itmmeta=01KWF3J2QTZ48ZR7XXX61VVB3J&hash=item34ee422750:g:gIgAAeSwyFxqFyo~&itmprp=enc%3AAQALAAAA4DKQclQvzFwZQpmMrsO4LupUZiy9B3Qt37XGMGa%2Bvb3vodJNAU330Sb6%2FUGpxRue0BujSitcENOxBD6ws0pDgfMhSQVm7AtdyCASLJvkqmgrU1GY--CoaZ94Mqc%2FBjS7LB1AsNzrxzR3bVo%2FN%2Fr5%2BIWPS4YQaVBro55ESMimdNt29ElxHnvwe%2BxERxJ2pyKOr3vmFAPs1CvPEHwnFShOcGq6IenUtItpu7uVmaA2QxfWOQajdFp6Obzjn9dhtK%2Bi5gJa8xvYuWbgCjBu70ZlmTe2UHu1X%2FB%2BSiwMO%2BUnmM%2B5%7Ctkp%3ABFBMiqzI4-Nn&var=526538434171,Google Pixel 8 128GB - Rose/Hazel/Obsidian/Mint - Unlocked - Excellent Condition - Image 1 of 1
https://i.ebayimg.com/images/g/-fMAAOSwB9hmDr8C/s-l960.webp,https://www.ebay.com/itm/386907028443?epid=240377022&itmmeta=01KWF3J2QT70FHP8WXRHRGE617&hash=item5a1574bbdb:g:-fMAAOSwB9hmDr8C&itmprp=enc%3AAQALAAAA4DKQclQvzFwZQpmMrsO4LurD7o89GXnYj%2BK0fAN0yy1YxHpXRAc6US7KNx5GeqURbtA1tle%2BLJ8et%2FA5fx8ejdF%2FoufqP8qAGtB5jWGL1xzYhxY3oUveLy7jIGPoMvORqTcjamZV65hGB933mLlYIkMz9jYpweFSek5dP2MXC79wF%2BU6jaMFZbt6XU462MRAyw3BS5DvQProEKPDxGhl5mRbkT8l%2BFUEfayoGSQEaBC1a7lRZF%2BWJMO%2Bpnp3Bmutk4dEM69uIDaz%2F0omC1FIed%2FKYa6%2BS5hxVFy0JTu9TIUh%7Ctkp%3ABFBMjKzI4-Nn&var=654168027224,Apple iPhone X - 64-256GB - Fully Unlocked - VERY GOOD Condition - FACE ID - Image 1 of 3
https://i.ebayimg.com/images/g/xSYAAOSwLd5lJIrP/s-l960.webp,https://www.ebay.com/p/20056257992?iid=355095070816&var=624350343870,Apple iPhone 14 128GB Network Unlocked Very Good Condition - Image 1 of 1
https://i.ebayimg.com/images/g/QJAAAeSwDahpSPNN/s-l400.webp,https://www.ebay.com/itm/397652414560?itmmeta=01KWF3J2QT98E925ZQHMFYPCC9&hash=item5c95ee5060:g:QJAAAeSwDahpSPNN&itmprp=enc%3AAQALAAAA4DKQclQvzFwZQpmMrsO4LuoIO9M0doiS%2Bp8P0boKBp%2FtVvDhOaL16d5gk16lAK5pbc6en4prVEgmSAePCMlREsepNghw7fvRqFzgORcQZfiw49GH0up4y12UMQZNAMusc0nNlZQuFA3ZMt6aV%2BfuyGS8ibuvP4AZcKr79VdjP%2BG9pN4T836F%2BhVu0EYVghNZmHmsZR6FaOTn3xCc0UQAjCfq%2BeV6%2BH6A2y7C1Edm%2B8lCNrOOGWIg%2FknSY2rahUn4JRuUFcoCel2KjBCqTjlBeO%2B%2FVWGJ9q9BPmGGxj2lkuy5%7Ctkp%3ABk9SR4ysyOPjZw,65W Type USB C Super Fast Wall Charger+3ft Cable For Samsung Galaxy S22 S21 S23 - Image 1 of 4
https://i.ebayimg.com/images/g/JnUAAOSw7NxmLl3S/s-l400.webp,https://www.ebay.com/p/10059052247?iid=116285984225&var=417211256157,Samsung Galaxy S23 Ultra 256GB SM-S918U1 Factory Unlocked - Excellent - Image 1 of 2
https://i.ebayimg.com/images/g/d7YAAeSwAwJonzzK/s-l960.webp,https://www.ebay.com/p/9072660290?iid=257067128532&var=557714094541,Samsung Galaxy Z Flip5 512GB F731U Unlocked - Good - Image 1 of 1
https://ir.ebaystatic.com/cr/v/c1/s_1x2.gif,https://www.ebay.com/p/4064918154?iid=256652847329&var=557536210133,Samsung Galaxy S24 Ultra 512GB S928U Unlocked - Good - Image 1 of 2
https://ir.ebaystatic.com/cr/v/c1/s_1x2.gif,https://www.ebay.com/p/17061973340?iid=257066123753&var=557712391317,Samsung Galaxy Z Fold5 512GB F946U Unlocked - Good - Image 1 of 1
https://ir.ebaystatic.com/cr/v/c1/s_1x2.gif,https://www.ebay.com/p/18058729662?iid=256413667885&var=557304798663,Samsung Galaxy S23 Ultra 512GB S918U Unlocked - Good - Image 1 of 1
https://ir.ebaystatic.com/cr/v/c1/s_1x2.gif,https://www.ebay.com/p/2336047347?iid=156833155405&var=458248164832,Apple iPhone 12 64GB 128GB 256GB Unlocked Smartphone - Good - Image 1 of 1
https://ir.ebaystatic.com/cr/v/c1/s_1x2.gif,https://www.ebay.com/p/11049276145?iid=389923718241&var=657161573891,Apple iPhone 13 - 128GB/256GB - Unlocked - Mint Condition - Free Shipping - Image 1 of 4
https://ir.ebaystatic.com/cr/v/c1/s_1x2.gif,https://www.ebay.com/itm/226908600683?itmmeta=01KWF3J2QT466WFYGSHJTPTWJM&hash=item34d4ce796b:g:qAwAAOSwhGpkCevP&itmprp=enc%3AAQALAAAA4DKQclQvzFwZQpmMrsO4LurAzRWTaF6skFCiWxXAsRyWc3mVsUOXQEaaTL5k5EMIIqiORKdUYUtf98ipFdaCmoXCFbvaUH3835WDtaKpvUpJZ7ysZTc7KdscxLHQ8Dl0nIFhUzwD95pAbSgD59DM8EP4AS8fG%2FJaLKSRdgYhD8CdcOErKXTDWHkUbDL03DXbwxRhMMq%2FGraOmYU7gEZOYZDHRz%2F9JaNUzBhdPGVZrp0eTAa4jrMhUwAYSKP9jq5%2BZRag2JipvDEAuzoHZIIq%2FW%2FM7Z02BPpM4B9Sa9S2xhhJ%7Ctkp%3ABFBMjKzI4-Nn&var=526061237498,"Apple iPhone 13 Mini, 128/256/512GB - Unlocked - Refurbished Excellent - Image 1 of 4"
https://ir.ebaystatic.com/cr/v/c1/s_1x2.gif,https://www.ebay.com/itm/236252720404?itmmeta=01KWF3J2QVJAC6HNJ2FRYATP7N&hash=item3701c26d14:g:ufUAAOSwff1kQwEh&itmprp=enc%3AAQALAAAA4DKQclQvzFwZQpmMrsO4Luq%2BtPEQb9OERCZRHAcn2vTKz9bPba3bp42x3B3%2FyMvIJPPsHr8UHzJ2i5QXq1sUJHuTfWQX3R3haU%2BWTAmcHyE3hHBH9m4w%2FA9Xd4QcSiZ192c7RA0Snqcd9thUjuK8aGdBXzntAxhL0%2FYwsK4K0PyBZpNblCgknC5EksHACNrq1h12dH0zPD7dFgMmPG1oGnzm4wFjuW2d4C3tAR0tj6J8nZuRZpNN6WhxuF3TpaejA5VsK%2FaIIvFRDqscWu6J6ePJf%2BQtoIwfo%2BfRDQRtxCjV%7Ctkp%3ABFBMjqzI4-Nn&var=536813185538,Apple iPhone 11 Pro Max 64/256/512GB Unlocked - Refurbished Excellent - Image 1 of 4
https://ir.ebaystatic.com/cr/v/c1/s_1x2.gif,https://www.ebay.com/itm/175974311051?epid=240377032&itmmeta=01KWF3J2QV2HY0D0N31XXTNKH6&hash=item28f8e2e48b:g:BecAAOSwD4hlMYQr&itmprp=enc%3AAQALAAAA4DKQclQvzFwZQpmMrsO4LupLnjR44kd04sE9jJRYSG7vXkxZYI8QAcTOB4bOQqAEG6fTYOMFlmvpdD6G7zuJB8gxaaXiYPtysPMx2shYy2tk9tv6om2sxuoKtPC8oeaUiB878XWK%2BzsgOiCfaTVvpeUyDlfUA8kDiHUJM3vfq2Cz9ArtPdgN2reISsTHFbhCp0f54jyT1fSg748%2FqyW2oArjK%2FCBk7sW10clgt0pymOdzP3LXUGnvdEx%2FcS0i5m0uzxoM0QIUGleGN3YpA%2B1g%2BTyj0owry3YNCyxW9QzExHY%7Ctkp%3ABFBMjqzI4-Nn,BULK LOT OF 10 Apple iPhone 8 64GB Unlocked Fully Working A-Grade A1863/A1905 - Image 1 of 2
https://ir.ebaystatic.com/cr/v/c1/s_1x2.gif,https://www.ebay.com/p/28043687656?iid=254987231741&var=554895524528,Samsung Galaxy S21 5G 128GB G991U Unlocked - Good - Image 1 of 1
https://ir.ebaystatic.com/cr/v/c1/s_1x2.gif,https://www.ebay.com/p/2346084094?iid=406852691808&var=677071330196,New Sealed Apple iPhone SE 3rd Gen 256GB 128GB 64GB Factory Unlocked CDMA GSM - Image 1 of 4
https://ir.ebaystatic.com/cr/v/c1/s_1x2.gif,https://www.ebay.com/p/26065011079?iid=256412927142&var=556527734246,Samsung Galaxy S22 Ultra 128GB S908U Unlocked - Good - Image 1 of 1
https://ir.ebaystatic.com/cr/v/c1/s_1x2.gif,https://www.ebay.com/p/11052276340?iid=800110330579&var=657282060586,NEW SEALED Samsung Galaxy S22+ Plus 5G SM-S906U 128GB/256GB Factory Unlocked - Image 1 of 4
https://ir.ebaystatic.com/cr/v/c1/s_1x2.gif,https://www.ebay.com/p/21074119545?iid=387083076473&var=654352627548,Apple iPhone 6/6s 16GB 32GB 64GB 128GB All Colors Unlocked Verizon Smartphone - Image 1 of 4
https://ir.ebaystatic.com/cr/v/c1/s_1x2.gif,https://www.ebay.com/p/5065009608?iid=357600879787&var=626195117825,Samsung Galaxy S23 SM-S911U 128GB Unlocked Very Good Condition - Image 1 of 1
https://ir.ebaystatic.com/cr/v/c1/s_1x2.gif,https://www.ebay.com/itm/135970653441?itmmeta=01KWF3J2QVBQ9Q7VB0V77VSRKQ&hash=item1fa87b8501:g:Sy4AAOSwBdVnkfuP&itmprp=enc%3AAQALAAAA4DKQclQvzFwZQpmMrsO4LuqWB9PlEblyxOmdXNk1zLOIPlODiTlTzhXQ9XOFZhEtWZuag7c44g1qw%2F6d8LFY6VO4gFryTBB80vKTs%2FjjHnZmojadYYPkvKc9FPLC4%2Boc7tMPGpUpFvECoZphJgo7fz68oem4tsId1X4OxaCLJ%2BKdlZ22bf1pBnE5czEpvuuI7emgNndTvV5k%2F3X06aNS1rbEG7RC%2FY1mEEppCW6KEh3pDl2vXU6uTHajPixWGdtsBayMg5hgVF%2Fp5kJWwFXf2wpq%2FzYRMyqdOYDQeoc3j4hR%7Ctkp%3ABk9SR5CsyOPjZw&var=435111074527,NEW SEALED SAMSUNG GALAXY S23 ULTRA 5G/S22 ULTRA 5G GSM CDMA FACTORY UNLOCKED - Image 1 of 4
https://ir.ebaystatic.com/cr/v/c1/s_1x2.gif,https://www.ebay.com/p/117394868?iid=126120586381&var=427159992015,Apple iPhone 5 - 16/32/64GB - ALL COLORS Unlocked/AT&T/Sprint A1429 - Image 1 of 2
https://ir.ebaystatic.com/cr/v/c1/s_1x2.gif,https://www.ebay.com/p/170013921?iid=145677588794&var=444802881223,Apple iPhone 5S 16GB 32GB 64GB (Unlocked) - All Colors - Smartphone - Image 1 of 1
https://ir.ebaystatic.com/cr/v/c1/s_1x2.gif,https://www.ebay.com/p/3072579174?iid=255865325274&var=555803153093,Samsung Galaxy S22 128GB S901U Unlocked - Good - Image 1 of 1
https://ir.ebaystatic.com/cr/v/c1/s_1x2.gif,https://www.ebay.com/itm/397536648666?itmmeta=01KWF3J2QVE8WEHS86C28DW9R2&hash=item5c8f07ddda:g:~R4AAOSw2WNmA8Ek&itmprp=enc%3AAQALAAAAwDKQclQvzFwZQpmMrsO4LupQm0vLu4hrbkSCibBFWUn7m3wf1AHiMvN76KjfQn%2Fx78v9aqCpIn6plCv7rqSrqubzjxG5ie9axryDDo3I7eHYRpwLorAoTnIhpLyr7Q3liDIxjJL0K5Yle%2FS7Dhbmfl7DrVkSdJGHPmUc2WjdE08ujM9UUSJ2yLqix0RHLEj9ySIdCgyzHRDxp9d5A5iuuEOBc2GEW2IjKtQKqCXXLRVaVOZNDqcvgxxNPT1UNLaUeQ%3D%3D%7Ctkp%3ABk9SR5CsyOPjZw&var=665917480053,45W USB C Super Fast Wall Charger & 6FT Cable Fit Samsung Galaxy S24 S23 S22 - Image 1 of 4
https://ir.ebaystatic.com/cr/v/c1/s_1x2.gif,https://www.ebay.com/itm/397652415204?itmmeta=01KWF3J2QVS9KMFC0700SR7NMS&hash=item5c95ee52e4:g:GGIAAeSwTzRov9zf&itmprp=enc%3AAQALAAAAwDKQclQvzFwZQpmMrsO4Lur8kLjoVtwN9c9LsIRJ8lJvMO2VJ8dVmU6sk8GlkO7lWP4lp0FoNq6F%2Bd6e%2FMqG9EJ3dH8KJmRZx6P6hL0OnMJHfiB%2Bi0oVAWtOM%2FytndLT%2Bg6fhrYyGktD%2BRb1glq%2BDDFnAVUEsWWJks%2FuCI3bbhonqRx4p7T3WRHmC77y6TQOGPw32QgNSDwRfL2XkabXPCbihBuLRAUce4u8J5OlB8CZKwyYCB3uY2Eq%2Fr0wEAOmPQ%3D%3D%7Ctkp%3ABk9SR5CsyOPjZw,65W PD Fast Wall Charger+Type-C Cable For Samsung Galaxy S23 S22 S21 S20 Ultra - Image 1 of 4
https://ir.ebaystatic.com/cr/v/c1/s_1x2.gif,https://www.ebay.com/itm/157271002092?epid=19049287599&itmmeta=01KWF3J2QV8K39XTQAXVKJTY0P&hash=item249e150bec:g:ESoAAeSwJR5orJzr&itmprp=enc%3AAQALAAAA4DKQclQvzFwZQpmMrsO4Luqm1VQrNWKxXkL0yZAkTiL8dvCiM1CFfe%2B3sB5EYh6Dc%2Frd%2BsRLR4FMmv7KjzkD8O6mu7vjN%2BsIvDRM9bSOwcgRAH%2FDZSeyjGpoEmMgxqIC2jhGgzjOCMyhYhAdw6WNpRT2MM%2BV%2BfAmMwTBiS1m1Wo9I%2BNFvi0RB7uI6FU7Bm1KID4CEFoDbt9U0JTX56XNmPC%2F0Zmqq4bTelPGDMQuI8VHWLKjXWwVJMzu7Qqwq%2BfapvGvSWIYj9BiMQ7YZaPGeL%2BItkklAWYuSYzhY3lpJlPk%7Ctkp%3ABFBMkKzI4-Nn,Apple iPhone 13 - 128 GB - Midnight (Verizon) - Image 1 of 4
https://ir.ebaystatic.com/cr/v/c1/s_1x2.gif,https://www.ebay.com/itm/235272916954?epid=12052764234&itmmeta=01KWF3J2QWDNYQTK1VGJPTYFDQ&hash=item36c75bcfda:g:sMQAAOSwcSFkCfCZ&itmprp=enc%3AAQALAAAA4DKQclQvzFwZQpmMrsO4Lupe9sPh7MMkH2pu1OlNSm2pZrqczlLwibVBbL7SxH5vE1%2BfKoqyPif%2BNs4FTNu1TzCF15Qbt348D%2FLe2huc2VAWr9ta%2F8mGsjOmLmXwQrxmImsZZbTykpBx%2BkiOeB%2B7yxrmuwAt3R6YE8YxLEervZcXsdMa%2Bqpji%2BadfSFQw1vW1qM3yaECL6RbV%2B7j7SppoM865OEqfrlcLq%2BlmoSRjv7RGE%2BtXEbrdg5Xy4m%2FQWF1UPtTnk3z1v65b9sRgE0GowMylAnJd1WN%2Bxy76ers90MX%7Ctkp%3ABFBMkKzI4-Nn&var=535311898163,"Apple iPhone 13, 128/256/512GB - Fully Unlocked - Used - All colors - Image 1 of 4"
https://ir.ebaystatic.com/cr/v/c1/s_1x2.gif,https://www.ebay.com/itm/186577112086?itmmeta=01KWF3J2QW7BKDVSZ8XCEGWQPB&hash=item2b70dccc16:g:h~kAAOSwfqZmmrBY&itmprp=enc%3AAQALAAAA4DKQclQvzFwZQpmMrsO4Lur3f0dguzL%2FQJQSXdtIDUkyBKQNFOAbHmQxSRbqZPzz0LdVcg9cBbkVYAfQ8b8I93%2BfAR6sYWEdwR9EuIOA5u%2BnEwHX4FlUUdaKpZk6t91XgkiqG6y8yGiGwN14ZzpTpUyzyajLZaGGIJzalj4GTivETOUj%2B%2FXzMjhTYPzKenQ0QyHvEor668KiNosk0kecP7N7nXbBJfC8qu%2Bs7td7m9N509JNMSTZhbXQRMbMEWpwV9rIxnP%2B5eI6SzGpehk8sYVzwsPo%2F9SAn1WVwkymuuBD%7Ctkp%3ABFBMkKzI4-Nn&var=694613421845,Google Pixel 7 | 7a | 7 Pro 128GB 256GB 512GB - Unlocked - Smartphone Excellent - Image 1 of 1
https://ir.ebaystatic.com/cr/v/c1/s_1x2.gif,https://www.ebay.com/itm/257094132237?itmmeta=01KWF3J2QWGNJH3V224BGBN0A1&hash=item3bdc01220d:g:c5gAAeSw88Joufp5&itmprp=enc%3AAQALAAAA4DKQclQvzFwZQpmMrsO4LuqPDzZgd6egTdrg%2BpnAMZN135GDDq2gVI3YWdX76APr81qa%2F6jgY1t7F66u72SiUutV3QbRj%2Fl%2BB0xLD6F3g5Lhpt0MKNZw%2BxJyeObqxeeOvHYlgYAahk7kZsE1aZtWPJmAUcLLCFMcjmr5Kd7GK%2FIS97bK6cimbJ17UbtqF5%2BI%2FUINGorowQomzv9iW%2BYlPFdulITLiaSm6JKMwVPtO7KJmPYMD4Mm6av2ELY%2FZ2LF5VuXLbi3xZNSuQYSSQdZwYMx%2BPMYmnBC1ywREZ0KIYhg%7Ctkp%3ABFBMkKzI4-Nn&var=557745815302,NEW Motorola Moto EDGE 2025 XT2519 🔓 Unlocked 256GB Deep Forest - Image 1 of 4
https://ir.ebaystatic.com/cr/v/c1/s_1x2.gif,https://www.ebay.com/p/10093895225?iid=147317654461,Samsung Galaxy S26+ Plus 512GB (SM-S947U1) UNLOCKED! $1299 Retail! BRAND NEW! - Image 1 of 3
https://ir.ebaystatic.com/cr/v/c1/s_1x2.gif,https://www.ebay.com/p/3065006932?iid=255803826545&var=555925514141,Samsung Galaxy S22+ 128GB S906U Unlocked - Good - Image 1 of 1
https://ir.ebaystatic.com/cr/v/c1/s_1x2.gif,https://www.ebay.com/p/241082204?iid=206102812761&var=507065516031,Apple iPhone 5s Unlocked New Battery - 16 GB/32 GB/64 GB- Gold Gray Silver - Image 1 of 4
https://ir.ebaystatic.com/cr/v/c1/s_1x2.gif,https://www.ebay.com/itm/164946580228?itmmeta=01KWF3J2QW1ZAN4BR7RXKM8DYD&hash=item2667951304:g:6gEAAOSwsLNjm5Vs&itmprp=enc%3AAQALAAAAwDKQclQvzFwZQpmMrsO4LuooF%2BkFXSvVxgDGMcV7G5STJNJtISU%2BP888Gicdfvv6fDeJq1cXwXIFOhVEcPFcyzLGYht%2F4VOWZl7eFiakoBx8DO3fG26F6LrcYi4EOrutzz%2BM2mfGXvzT6l4Dw1AamQeDDCNuAaGePfdgA4aLnlWXYEi%2BKNaOxfCRTD1c8%2B5NYTCqnmd9EbQrDeP20X9gmu2pbC6Ve0yeCd4lR4GlTGB7KkTdRb8C8vpdI%2BhHg77TZA%3D%3D%7Ctkp%3ABk9SR5KsyOPjZw&var=467916332420,"Apple iPhone 5C - 8GB, 16GB, 32GB - Image 1 of 1"
https://ir.ebaystatic.com/cr/v/c1/s_1x2.gif,https://www.ebay.com/p/5065009528?iid=226551760365,Nokia Lumia 1520 - 16GB Black - AT&T Locked - Excellent - Image 1 of 4
https://ir.ebaystatic.com/cr/v/c1/s_1x2.gif,https://www.ebay.com/itm/397676422353?itmmeta=01KWF3J2QW7JSRRJ9BMTYJKKK9&hash=item5c975ca4d1:g:De8AAeSwQ7dowU9g&itmprp=enc%3AAQALAAAAwDKQclQvzFwZQpmMrsO4LuqyEBym2Y%2BDvjx2AMmHuWz45BHlhBIr%2FqWo%2FmZxKhaNo0%2FILOI4rzZO1oTiJxgU4mHDs3vN5fefXeVA%2F3NWNdWuYjMAREJQncMzD5ldhkO1SOS40MFBZJUUVwhybDS8x0cG3v0vIJ%2BtFBVg%2FoShF3PogZAgV0fvitR%2Bbww2g4vIrdh0jVn6F3cLmFoMzaMSAVXIhJn8UwZx%2FSNHGYeB8OYWWbST1AeH7neEm86qoU9fTQ%3D%3D%7Ctkp%3ABk9SR5SsyOPjZw,65W PD Power Adapter Duo Wall Charger 1 USB-C Cables For Samsung Galaxy S23 S22 - Image 1 of 3
https://ir.ebaystatic.com/cr/v/c1/s_1x2.gif,https://www.ebay.com/itm/236252808290?itmmeta=01KWF3J2QW6DTH1270XS7KHQFE&hash=item3701c3c462:g:lK0AAOSwSeFkGfyu&itmprp=enc%3AAQALAAAA4DKQclQvzFwZQpmMrsO4LuoTTsyPbK1YL8eU5dBQ%2BoUY%2FyFXoserLA2Mp8p5YwlIaRhwbUrFPdYDKt%2BrkOynZBXc1KIXwasl%2BwOWLOKEmEIgX5yKO3jgrkPNAvgdxQcyE2OJLZ4Vz4yFC%2FwViKofYVpteG7nSr1Wavq0SdNd%2BozU8HtXHa2rY7ZDaXTiK7UKlS%2BORdUfAZhGi8Lx8IR7IYW2flJcfo%2Fg6ki9CZAunzoti1veldTp2rDp7ntM8CR%2FaeiuD7b4L4eSk5kJJMVyIbJ2kCuXUKbXaOILLbdoCZRx%7Ctkp%3ABFBMlKzI4-Nn&var=536813244097,Apple iPhone SE 3rd Gen (2022) 64/128/256GB-Unlocked - Refurbished B Grade - Image 1 of 4
https://ir.ebaystatic.com/cr/v/c1/s_1x2.gif,https://www.ebay.com/itm/236252696651?epid=23075044648&itmmeta=01KWF3J2QWYP93B40K0VXAXT28&hash=item3701c2104b:g:t6IAAOSwLsdkCgAA&itmprp=enc%3AAQALAAAA4DKQclQvzFwZQpmMrsO4LuoUPIWpqL7186fUlDPKaZr%2BxTvWMT13diIypr56NHinKj4KyKdPuUMy5E9r3WmQh6DOS3ZgTcg1%2B0Wfy4IqivrqoCjdVMbQKnW65ewEFIlcc9er%2FODKC0Kbq4h4J8lo01Isgy5aK3pjDlp3x%2Bwq5iw0hXYx4H1fte%2B8tIlVS%2FKWv%2Fftm4jFy9xYQpSFoCIJGZD8eLHh3r46zi5F9Q4tFDWoaOlSLnXjFsz%2FaAkPuExT09YUR8IF85Q3I94LNmC45K0nMsLH6kB31%2FbyDatawgCW%7Ctkp%3ABFBMlKzI4-Nn&var=536813094585,"Apple iPhone 12 Mini, 64/128/256GB - Unlocked-  Refurbished Excellent - Image 1 of 4"
https://ir.ebaystatic.com/cr/v/c1/s_1x2.gif,https://www.ebay.com/p/2330090727?iid=126995399789&var=428204090581,Samsung Galaxy S23 128GB - 5G SM-S911U1 - FACTORY UNLOCKED - EXCELLENT - Image 1 of 2
https://ir.ebaystatic.com/cr/v/c1/s_1x2.gif,https://www.ebay.com/p/6071480656?iid=389706203475&var=656993158391,NEW Samsung Galaxy Note 20 Ultra 5G SM-N986U1 128GB GSM+CDMA Factory Unlocked - Image 1 of 4
https://ir.ebaystatic.com/cr/v/c1/s_1x2.gif,https://www.ebay.com/p/5065009608?iid=256372465052&var=556454234753,Samsung Galaxy S23 128GB S911U Unlocked - Good - Image 1 of 1
https://ir.ebaystatic.com/cr/v/c1/s_1x2.gif,https://www.ebay.com/p/11064989797?iid=406007429313&var=676623199657,New Samsung Galaxy S23 5G SM-S911U1 128GB/256GB Unlocked Smartphone Cell Phone - Image 1 of 4
https://ir.ebaystatic.com/cr/v/c1/s_1x2.gif,https://www.ebay.com/p/15072669808?iid=256387036202&var=556483453200,Samsung Galaxy Z Flip5 256GB F731U Unlocked - Excellent - Image 1 of 1
https://ir.ebaystatic.com/cr/v/c1/s_1x2.gif,https://www.ebay.com/itm/167822874266?itmmeta=01KWF3J2QXS8ZVN7YW8382XQ81&hash=item271305d69a:g:b1kAAeSwIY9o2fUT&itmprp=enc%3AAQALAAAAwDKQclQvzFwZQpmMrsO4LuoQpuwTUOIXr8RGkh6MFWeKUlxU9hyU2gju%2F4qaHPRlgOzKNmbeL85IcfqcISXtvrIQwfsP%2FJLy4WvA%2FOgSitvu6H7J2UOScSUq1T1CnRqCfGw1WFXoz%2F6JhsLaRJlc2Cc5eVLmKz1BJpGA8V3srS5sNvxn4OU2uw33tsZy6DyJLYhnZUvXcCFuDFKwBTxuc0pCDCyBLbARHowYizBbRZWeOVaiYwh63nuchJh%2BmWI1mw%3D%3D%7Ctkp%3ABk9SR5asyOPjZw,Unlocked Smartphone - Android - Image 1 of 4
https://ir.ebaystatic.com/cr/v/c1/s_1x2.gif,https://www.ebay.com/p/11050330573?iid=186382972121&var=694433059840,Google Pixel 6 5G GB7N6 Unlocked AT&T T-Mobile 128GB 512GB Very Good Refurbished - Image 1 of 4
https://ir.ebaystatic.com/cr/v/c1/s_1x2.gif,https://www.ebay.com/p/27040076768?iid=178110773296&var=477671115003,Samsung Note 20 Ultra 5G N986 Unlocked Mint T-Mobile Straight Talk Verizon Boost - Image 1 of 4
https://ir.ebaystatic.com/cr/v/c1/s_1x2.gif,https://www.ebay.com/itm/388785002690?itmmeta=01KWF3J2QXMDS6B64P8WMMZ7YH&hash=item5a856458c2:g:2LYAAOSwGeFmB6uO&itmprp=enc%3AAQALAAAA4DKQclQvzFwZQpmMrsO4LuqkBgtopE0vwVkZxdal%2FF2JbyTnmB%2FoOrYDYbGtVqWJfXQJZEbiFS3c%2B5sFnRphyhqlyV8f9CW8h%2BPikcAw%2FYSa%2Fd%2FKiscfmTlligiT5ZQpvxF08fE18tRZNgeIUEXvH6dNPKoZF0NlIDPF3pGpzosI%2FUlPQEU3OYnlW4tNg23OokZghHBYuobKPN62gqbhGddj2zvYywqv7z4CX0Z2MnN3pNkmLAsFAxXQJGvN3%2B7x3b3fZESJ6bgqUc7KVC4s68ivy%2BX08rgmrjRr%2BYQEMHFP%7Ctkp%3ABk9SR5asyOPjZw&var=655900955970,45W Super Fast Charging USB Type C Wall Charger Cable✅Fit Samsung Galaxy S23 S22 - Image 1 of 4
https://ir.ebaystatic.com/cr/v/c1/s_1x2.gif,https://www.ebay.com/p/23059054247?iid=800249426695&var=657374453582,NEW Samsung Galaxy S23 Ultra 5G S918U 256GB+8GB Factory Unlocked Smartphone US - Image 1 of 4
https://ir.ebaystatic.com/cr/v/c1/s_1x2.gif,https://www.ebay.com/itm/396703084026?itmmeta=01KWF3J2QX41NK3SWQ1TQSVJP4&hash=item5c5d58adfa:g:ZBcAAOSwThhmcp4y&itmprp=enc%3AAQALAAAA4DKQclQvzFwZQpmMrsO4LuqbdTJ9EMsf1swtf7FR7V%2FTBVkcznONhinACY8McYNj7LzhPhaUJ%2BYkH8ixOje0GqZNKVcitYcfp%2FF9rvXC0LMKhG4VFOPPervSmzU5UeX9%2FLqK4veOCIMI45pYY5WHVt5dIeYsFRfRI%2FRI%2F3Ku9Jvu%2FowERDJy7%2FwmLhdC6rdM3XSVv2ncVWComQwbygM0Z8f%2BGWBfj81FWU7TMurh5AT8Em8vKuyMCxEZMN8OgQ5wWl9Y4udrJfLyFfE62HV9QLs%2B9s%2ForI7L8aIR%2FTUjj5XZ%7Ctkp%3ABk9SR5asyOPjZw,45W Type USB C Super Fast Wall Charger+6ft Cable For Samsung Galaxy S22 S23 S21 - Image 1 of 4
https://ir.ebaystatic.com/cr/v/c1/s_1x2.gif,https://www.ebay.com/p/18072674281?iid=389811114883&var=657384118913,Samsung Galaxy A16 5G SM-A166U1 4GB 128GB Fully Unlocked New Sealed Smartphone - Image 1 of 4
https://ir.ebaystatic.com/cr/v/c1/s_1x2.gif,https://www.ebay.com/itm/198439337664?itmmeta=01KWF3J2QXCNR9W7A84VWRC42R&hash=item2e33e7fec0:g:LTsAAeSwkvJqMx9q&itmprp=enc%3AAQALAAAAwDKQclQvzFwZQpmMrsO4LuqpVhR40RdM7YgxB9YGkP%2B2h2tuoQ1fd9dQTTze7qaWRx57ptC%2Be5Q7%2BEEFjWozGqH9%2FwNdWCy7aAwfgp%2FELO4Q8RO%2BSMpD%2F6ZrTSoStri%2BQ0ujvxT9Ha23QEfTzasIFxYvHdIviZMkWwWV4O6W7T5o%2Bha8jIkbZqDnB%2BQbONUez8PkmxPIkbexgkp0N18aA943ZTEJu0eU0aY2ZmYY3TAHet5yCdMo%2FGc%2FfdQIbxtKxg%3D%3D%7Ctkp%3ABk9SR5isyOPjZw,OnePlus 15R Charcoal Black 12GB+256GB US Unlock Excellent w 95%+ Battery Health - Image 1 of 4
https://ir.ebaystatic.com/cr/v/c1/s_1x2.gif,https://www.ebay.com/itm/376165074557?itmmeta=01KWF3J2QX8DD3F0ZDWYHHMA84&hash=item57952f867d:g:7ZQAAOSw5WxmPDDJ&itmprp=enc%3AAQALAAAA4DKQclQvzFwZQpmMrsO4LuqHhTLqrxSqbygzN3moLi4uqMTUs3LLuLM2urcDEu6IdjckmYi8T7Ox3ftL9fwwdwqKNPbgfRa5gMVG3ZvUYq%2FFk90GnhWZdHxjI1Zu9irSpm%2BnRKlC8wNNsSVEiQTqGdjj0L4BV3DKJ8b0DCOeVurTdfQ722SlIxPDC30BmRpqXU%2FJ651QKv5k3ttsAIr--hOXOINAUzekBDOb9XmKC1Q8J8DvEtyMeqzUF93pCooSfodk9QZHwcK%2B9nkqUSQdPDTDM4O8Ar5besy4BS2g0iDF%7Ctkp%3ABk9SR5isyOPjZw&var=644901241765,45W Super Fast Charging Type C Wall Charger+Cable For Samsung Galaxy S20 S22 - Image 1 of 4
https://ir.ebaystatic.com/cr/v/c1/s_1x2.gif,https://www.ebay.com/p/26059055049?iid=256460585805&var=556609999487,Samsung Galaxy S23 Ultra 256GB S918U Unlocked - Good - Image 1 of 1
https://ir.ebaystatic.com/cr/v/c1/s_1x2.gif,https://www.ebay.com/p/4052277146?iid=317531985362&var=616072439867,New Samsung Galaxy S22 Ultra 5G SM-S908U 128/256/512GB Factory Unlocked ❖Sealed❖ - Image 1 of 4
https://ir.ebaystatic.com/cr/v/c1/s_1x2.gif,https://www.ebay.com/itm/116559489209?itmmeta=01KWF3J2QXSVM5MZP7G9D4RMMT&hash=item1b237ca8b9:g:mF8AAOSw7gVn~ACO&itmprp=enc%3AAQALAAAA4DKQclQvzFwZQpmMrsO4LupBbxvwAalzPJu%2B%2FnearrKV%2BN%2FepqbWxb4pKoAQdNPmYAScCWQKZNVayvxvLZOR5plVAVTxf%2F2QTXPJODdEbOG4S7pEtmRcJ%2FIT3ISGrhQhDhPShI%2BShpNtnYWb9lC0mqfCZW1IAW7H9dnNwYVPFtep4vxoQJZevn6lbMC19tRXwRTgoPqqQR%2BFOE9d24b%2B882OOcAzF4gHd84xqvmwt2xh3GymdpN1EOtsgKQ4wDAHee%2BrtTJheWzFUExFg2QhM955PmT78aMcp%2FT73xg1CwdX%7Ctkp%3ABk9SR5isyOPjZw&var=417217324263,Samsung Galaxy S24 128GB 5G SM-S921U1 FACTORY UNLOCKED CDMA + GSM - EXCELLENT - Image 1 of 4
https://ir.ebaystatic.com/cr/v/c1/s_1x2.gif,https://www.ebay.com/p/20071604629?iid=125654714303&var=426681764834,Apple iPhone 5s - 16/32/64GB - ALL COLORS Unlocked/AT&T/T-Mobile A1453 - Image 1 of 2
https://ir.ebaystatic.com/cr/v/c1/s_1x2.gif,https://www.ebay.com/itm/145543525213?itmmeta=01KWF3J2QXP1VMXDJ93YG0S6QB&hash=item21e311f35d:g:rpkAAOSwuQ5lnNup&itmprp=enc%3AAQALAAAA4DKQclQvzFwZQpmMrsO4LurQuXF%2BFhqLa04FGRQwsy%2FbCzyAvtWqhyzVpFzjbjkrWMqwst89v5iPdjp1OdyPj1Wj2gGXSWdJqodPEWcKF49tKBMqTyF%2BsUqk3k%2BiRVAtJIW8S1RrOTVWtzK%2BxRrM6y3Hbm6GRsom08q%2BCVuIAbJ8CdW0QRsC5m%2BtxucZpD9Azs3rH%2BXxGFFceNdGBEAb%2Bm%2BXsQupRpJEJW2ZrmOJI5LsVxgbQxhPr2Lab0FyolXAKXFPfDSETAHw7fGPwHaWJ%2BnmOted0I5blEh%2FIG%2BlsXZN%7Ctkp%3ABFBMmKzI4-Nn&var=445253381081,Apple iPhone 8 Plus 64GB 256GB Unlocked AT&T T-Mobile Verizon Good Condition - Image 1 of 1
https://ir.ebaystatic.com/cr/v/c1/s_1x2.gif,https://www.ebay.com/itm/256929631018?itmmeta=01KWF3J2QXF0AZFCH3PP5NS332&hash=item3bd2330b2a:g:Zf0AAeSwUYpocCM7&itmprp=enc%3AAQALAAAA4DKQclQvzFwZQpmMrsO4LurzML0e9bzpxwOf%2FwMyqlis5khvNPjJtmKl7zUX%2FCqj98HMxMyTbvkyouiVxECw32XzwAoFrsg9V5etXmp%2B2yD4HdFmetaVcO1hSYNB1GNYKEBFsQxsNcd3fGdCpwVq6c26i6iJc%2F4OCZthhJlpZy62DamjEWnxKE715Nmu0I0dufKtcxIGgwRZZRMubWVR8fo35KVfcTUF9Fv27DQmiQXNUyrEiuBNYsupQ%2Fl64cuns%2F8mEEnJ1WN5g%2FhT1TmpwDoiWun7tDNrMBixFwhAI6tq%7Ctkp%3ABFBMmKzI4-Nn&var=557643589319,NEW Motorola RAZR+ Plus 2024 (XT2451) 256GB T-Mobile 🔓 UNLOCKED - Image 1 of 4
